fuel_type,us_state,in_year,regulatory_id,fossil _consumption
Petroleum,AK,2020,AK_RCA,1851
Petroleum,AK,2019,AK_RCA,1687
Petroleum,AK,2018,AK_RCA,1519
Petroleum,AK,2017,AK_RCA,1646
Petroleum,AK,2016,AK_RCA,1494
Petroleum,AK,2015,AK_RCA,1388
Petroleum,AK,2014,AK_RCA,1272
Petroleum,AK,2013,AK_RCA,1406
Petroleum,AK,2012,AK_RCA,1729
Petroleum,AK,2011,AK_RCA,1626
Coal,AK,2021,AK_RCA,1062
Coal,AK,2020,AK_RCA,1041
Coal,AK,2019,AK_RCA,972
Coal,AK,2018,AK_RCA,935
Coal,AK,2017,AK_RCA,863
Coal,AK,2016,AK_RCA,880
Coal,AK,2015,AK_RCA,965
Coal,AK,2014,AK_RCA,886
Coal,AK,2013,AK_RCA,926
Coal,AK,2012,AK_RCA,978
Coal,AK,2011,AK_RCA,959
Natural Gas,AK,2021,AK_RCA,26368
Natural Gas,AK,2020,AK_RCA,23694
Natural Gas,AK,2019,AK_RCA,25289
Natural Gas,AK,2018,AK_RCA,26239
Natural Gas,AK,2017,AK_RCA,29774
Natural Gas,AK,2016,AK_RCA,29072
Natural Gas,AK,2015,AK_RCA,31139
Natural Gas,AK,2014,AK_RCA,32893
Natural Gas,AK,2013,AK_RCA,34989
Natural Gas,AK,2012,AK_RCA,40422
Natural Gas,AK,2011,AK_RCA,42635
Petroleum,AL,2021,AL_APSC,74
Petroleum,AL,2020,AL_APSC,63
Petroleum,AL,2019,AL_APSC,74
Petroleum,AL,2018,AL_APSC,193
Petroleum,AL,2017,AL_APSC,108
Petroleum,AL,2016,AL_APSC,184
Petroleum,AL,2015,AL_APSC,277
Petroleum,AL,2014,AL_APSC,336
Petroleum,AL,2013,AL_APSC,310
Petroleum,AL,2012,AL_APSC,477
Petroleum,AL,2011,AL_APSC,444
Coal,AL,2021,AL_APSC,14588
Coal,AL,2020,AL_APSC,11896
Coal,AL,2019,AL_APSC,14280
Coal,AL,2018,AL_APSC,16335
Coal,AL,2017,AL_APSC,16309
Coal,AL,2016,AL_APSC,17593
Coal,AL,2015,AL_APSC,21216
Coal,AL,2014,AL_APSC,24170
Coal,AL,2013,AL_APSC,24811
Coal,AL,2012,AL_APSC,23409
Coal,AL,2011,AL_APSC,432493
Natural Gas,AL,2021,AL_APSC,433322
Natural Gas,AL,2020,AL_APSC,457719
Natural Gas,AL,2019,AL_APSC,467154
Natural Gas,AL,2018,AL_APSC,414880
Natural Gas,AL,2017,AL_APSC,445880
Natural Gas,AL,2016,AL_APSC,429305
Natural Gas,AL,2015,AL_APSC,376093
Natural Gas,AL,2014,AL_APSC,359677
Natural Gas,AL,2013,AL_APSC,426360
Natural Gas,AL,2012,AL_APSC,363763
Natural Gas,AL,2011,AL_APSC,353556
Petroleum,AR,2021,AR_APSC,97
Petroleum,AR,2020,AR_APSC,91
Petroleum,AR,2019,AR_APSC,101
Petroleum,AR,2018,AR_APSC,78
Petroleum,AR,2017,AR_APSC,97
Petroleum,AR,2016,AR_APSC,95
Petroleum,AR,2015,AR_APSC,161
Petroleum,AR,2014,AR_APSC,69
Petroleum,AR,2013,AR_APSC,81
Petroleum,AR,2012,AR_APSC,65
Petroleum,AR,2011,AR_APSC,112
Coal,AR,2021,AR_APSC,12331
Coal,AR,2020,AR_APSC,9252
Coal,AR,2019,AR_APSC,13829
Coal,AR,2018,AR_APSC,17524
Coal,AR,2017,AR_APSC,14137
Coal,AR,2016,AR_APSC,12894
Coal,AR,2015,AR_APSC,19368
Coal,AR,2014,AR_APSC,18888
Coal,AR,2013,AR_APSC,17158
Coal,AR,2012,AR_APSC,17602
Coal,AR,2011,AR_APSC,112
Natural Gas,AR,2021,AR_APSC,160770
Natural Gas,AR,2020,AR_APSC,145605
Natural Gas,AR,2019,AR_APSC,172790
Natural Gas,AR,2018,AR_APSC,165445
Natural Gas,AR,2017,AR_APSC,138796
Natural Gas,AR,2016,AR_APSC,147062
Natural Gas,AR,2015,AR_APSC,122347
Natural Gas,AR,2014,AR_APSC,83629
Natural Gas,AR,2013,AR_APSC,104540
Natural Gas,AR,2012,AR_APSC,137859
Natural Gas,AR,2011,AR_APSC,115687
Petroleum,AZ,2021,AR_APSC,86
Petroleum,AZ,2020,AR_APSC,79
Petroleum,AZ,2019,AR_APSC,124
Petroleum,AZ,2018,AR_APSC,95
Petroleum,AZ,2017,AR_APSC,107
Petroleum,AZ,2016,AR_APSC,98
Petroleum,AZ,2015,AR_APSC,92
Petroleum,AZ,2014,AR_APSC,108
Petroleum,AZ,2013,AR_APSC,81
Petroleum,AZ,2012,AR_APSC,80
Petroleum,AZ,2011,AR_APSC,103
Coal,AZ,2021,AR_APSC,8419
Coal,AZ,2020,AR_APSC,8274
Coal,AZ,2019,AR_APSC,12875
Coal,AZ,2018,AR_APSC,16814
Coal,AZ,2017,AR_APSC,16929
Coal,AZ,2016,AR_APSC,16639
Coal,AZ,2015,AR_APSC,19812
Coal,AZ,2014,AR_APSC,22911
Coal,AZ,2013,AR_APSC,23298
Coal,AZ,2012,AR_APSC,21705
Coal,AZ,2011,AR_APSC,23580
Natural Gas,AZ,2021,AK_RCA,359344
Natural Gas,AZ,2020,AK_RCA,390512
Natural Gas,AZ,2019,AK_RCA,357930
Natural Gas,AZ,2018,AK_RCA,286208
Natural Gas,AZ,2017,AK_RCA,225557
Natural Gas,AZ,2016,AK_RCA,257115
Natural Gas,AZ,2015,AK_RCA,249841
Natural Gas,AZ,2014,AK_RCA,207217
Natural Gas,AZ,2013,AK_RCA,224852
Natural Gas,AZ,2012,AK_RCA,230275
Natural Gas,AZ,2011,AK_RCA,181832
Petroleum,CA,2021,CA_APUC,178
Petroleum,CA,2020,CA_APUC,96
Petroleum,CA,2019,CA_APUC,111
Petroleum,CA,2018,CA_APUC,156
Petroleum,CA,2017,CA_APUC,102
Petroleum,CA,2016,CA_APUC,211
Petroleum,CA,2015,CA_APUC,193
Petroleum,CA,2014,CA_APUC,104
Petroleum,CA,2013,CA_APUC,105
Petroleum,CA,2012,CA_APUC,99
Petroleum,CA,2011,CA_APUC,90
Coal,CA,2021,CA_APUC,628
Coal,CA,2020,CA_APUC,588
Coal,CA,2019,CA_APUC,526
Coal,CA,2018,CA_APUC,635
Coal,CA,2017,CA_APUC,631
Coal,CA,2016,CA_APUC,655
Coal,CA,2015,CA_APUC,626
Coal,CA,2014,CA_APUC,878
Coal,CA,2013,CA_APUC,915
Coal,CA,2012,CA_APUC,1183
Coal,CA,2011,CA_APUC,1540
Natural Gas,CA,2021,CA_APUC,785413
Natural Gas,CA,2020,CA_APUC,759461
Natural Gas,CA,2019,CA_APUC,713409
Natural Gas,CA,2018,CA_APUC,760436
Natural Gas,CA,2017,CA_APUC,773774
Natural Gas,CA,2016,CA_APUC,813545
Natural Gas,CA,2015,CA_APUC,972879
Natural Gas,CA,2014,CA_APUC,1001247
Natural Gas,CA,2013,CA_APUC,1000654
Natural Gas,CA,2012,CA_APUC,1027942
Natural Gas,CA,2011,CA_APUC,788374
Petroleum,CO,2021,CO_CPUC,66
Petroleum,CO,2020,CO_CPUC,20
Petroleum,CO,2019,CO_CPUC,24
Petroleum,CO,2018,CO_CPUC,34
Petroleum,CO,2017,CO_CPUC,23
Petroleum,CO,2016,CO_CPUC,21
Petroleum,CO,2015,CO_CPUC,24
Petroleum,CO,2014,CO_CPUC,38
Petroleum,CO,2013,CO_CPUC,30
Petroleum,CO,2012,CO_CPUC,31
Petroleum,CO,2011,CO_CPUC,56
Coal,CO,2021,CO_CPUC,13400
Coal,CO,2020,CO_CPUC,11477
Coal,CO,2019,CO_CPUC,14562
Coal,CO,2018,CO_CPUC,15354
Coal,CO,2017,CO_CPUC,16730
Coal,CO,2016,CO_CPUC,16722
Coal,CO,2015,CO_CPUC,17600
Coal,CO,2014,CO_CPUC,17944
Coal,CO,2013,CO_CPUC,18882
Coal,CO,2012,CO_CPUC,19263
Coal,CO,2011,CO_CPUC,18744
Natural Gas,CO,2021,CO_CPUC,122112
Natural Gas,CO,2020,CO_CPUC,145286
Natural Gas,CO,2019,CO_CPUC,131271
Natural Gas,CO,2018,CO_CPUC,126236
Natural Gas,CO,2017,CO_CPUC,97938
Natural Gas,CO,2016,CO_CPUC,97289
Natural Gas,CO,2015,CO_CPUC,92631
Natural Gas,CO,2014,CO_CPUC,97054
Natural Gas,CO,2013,CO_CPUC,89969
Natural Gas,CO,2012,CO_CPUC,86656
Natural Gas,CO,2011,CO_CPUC,85307
Petroleum,CT,2021,CT_PURA,178
Petroleum,CT,2020,CT_PURA,137
Petroleum,CT,2019,CT_PURA,93
Petroleum,CT,2018,CT_PURA,608
Petroleum,CT,2017,CT_PURA,351
Petroleum,CT,2016,CT_PURA,215
Petroleum,CT,2015,CT_PURA,754
Petroleum,CT,2014,CT_PURA,935
Petroleum,CT,2013,CT_PURA,560
Petroleum,CT,2012,CT_PURA,268
Petroleum,CT,2011,CT_PURA,403
Coal,CT,2020,CT_PURA,4
Coal,CT,2019,CT_PURA,48
Coal,CT,2018,CT_PURA,221
Coal,CT,2017,CT_PURA,137
Coal,CT,2016,CT_PURA,128
Coal,CT,2015,CT_PURA,359
Coal,CT,2014,CT_PURA,499
Coal,CT,2013,CT_PURA,419
Coal,CT,2012,CT_PURA,415
Coal,CT,2011,CT_PURA,325
Natural Gas,CT,2021,CT_PURA,175905
Natural Gas,CT,2020,CT_PURA,170045
Natural Gas,CT,2019,CT_PURA,156973
Natural Gas,CT,2018,CT_PURA,149349
Natural Gas,CT,2017,CT_PURA,121482
Natural Gas,CT,2016,CT_PURA,134667
Natural Gas,CT,2015,CT_PURA,131736
Natural Gas,CT,2014,CT_PURA,113010
Natural Gas,CT,2013,CT_PURA,120943
Natural Gas,CT,2012,CT_PURA,124101
Natural Gas,CT,2011,CT_PURA,115880
Natural Gas,DC,2021,DC_DCPSC,1972
Natural Gas,DC,2020,DC_DCPSC,1881
Natural Gas,DC,2019,DC_DCPSC,1925
Natural Gas,DC,2018,DC_DCPSC,791
Natural Gas,DC,2017,DC_DCPSC,683
Natural Gas,DC,2016,DC_DCPSC,828
Natural Gas,DC,2015,DC_DCPSC,654
Natural Gas,DC,2014,DC_DCPSC,894
Natural Gas,DC,2013,DC_DCPSC,900
Natural Gas,DC,2012,DC_DCPSC,1019
Natural Gas,DC,2011,DC_DCPSC,1003
Petroleum,DE,2021,DE_DPSC,42
Petroleum,DE,2020,DE_DPSC,22
Petroleum,DE,2019,DE_DPSC,35
Petroleum,DE,2018,DE_DPSC,334
Petroleum,DE,2017,DE_DPSC,51
Petroleum,DE,2016,DE_DPSC,116
Petroleum,DE,2015,DE_DPSC,255
Petroleum,DE,2014,DE_DPSC,300
Petroleum,DE,2013,DE_DPSC,43
Petroleum,DE,2012,DE_DPSC,46
Petroleum,DE,2011,DE_DPSC,75
Coal,DE,2021,DE_DPSC,172
Coal,DE,2020,DE_DPSC,76
Coal,DE,2019,DE_DPSC,85
Coal,DE,2018,DE_DPSC,167
Coal,DE,2017,DE_DPSC,186
Coal,DE,2016,DE_DPSC,227
Coal,DE,2015,DE_DPSC,276
Coal,DE,2014,DE_DPSC,397
Coal,DE,2013,DE_DPSC,708
Coal,DE,2012,DE_DPSC,682
Coal,DE,2011,DE_DPSC,717
Natural Gas,DE,2021,DE_DPSC,36918
Natural Gas,DE,2020,DE_DPSC,45139
Natural Gas,DE,2019,DE_DPSC,44135
Natural Gas,DE,2018,DE_DPSC,47987
Natural Gas,DE,2017,DE_DPSC,57450
Natural Gas,DE,2016,DE_DPSC,68062
Natural Gas,DE,2015,DE_DPSC,59432
Natural Gas,DE,2014,DE_DPSC,57005
Natural Gas,DE,2013,DE_DPSC,54035
Natural Gas,DE,2012,DE_DPSC,61312
Natural Gas,DE,2011,DE_DPSC,41099
Petroleum,FL,2021,FL_FPSC,796
Petroleum,FL,2020,FL_FPSC,558
Petroleum,FL,2019,FL_FPSC,704
Petroleum,FL,2018,FL_FPSC,1225
Petroleum,FL,2017,FL_FPSC,1064
Petroleum,FL,2016,FL_FPSC,1663
Petroleum,FL,2015,FL_FPSC,1217
Petroleum,FL,2014,FL_FPSC,1098
Petroleum,FL,2013,FL_FPSC,988
Petroleum,FL,2012,FL_FPSC,1557
Petroleum,FL,2011,FL_FPSC,2732
Coal,FL,2021,FL_FPSC,8377
Coal,FL,2020,FL_FPSC,7554
Coal,FL,2019,FL_FPSC,9603
Coal,FL,2018,FL_FPSC,13521
Coal,FL,2017,FL_FPSC,17034
Coal,FL,2016,FL_FPSC,17901
Coal,FL,2015,FL_FPSC,19434
Coal,FL,2014,FL_FPSC,23310
Coal,FL,2013,FL_FPSC,21175
Coal,FL,2012,FL_FPSC,20203
Coal,FL,2011,FL_FPSC,23120
Natural Gas,FL,2021,FL_FPSC,1361174
Natural Gas,FL,2020,FL_FPSC,1399381
Natural Gas,FL,2019,FL_FPSC,1360861
Natural Gas,FL,2018,FL_FPSC,1301928
Natural Gas,FL,2017,FL_FPSC,1220031
Natural Gas,FL,2016,FL_FPSC,1213798
Natural Gas,FL,2015,FL_FPSC,1185390
Natural Gas,FL,2014,FL_FPSC,1063096
Natural Gas,FL,2013,FL_FPSC,1063094
Natural Gas,FL,2012,FL_FPSC,1166473
Natural Gas,FL,2011,FL_FPSC,1067129
Petroleum,GA,2021,GA_GPSC,458
Petroleum,GA,2020,GA_GPSC,449
Petroleum,GA,2019,GA_GPSC,390
Petroleum,GA,2018,GA_GPSC,940
Petroleum,GA,2017,GA_GPSC,644
Petroleum,GA,2016,GA_GPSC,402
Petroleum,GA,2015,GA_GPSC,518
Petroleum,GA,2014,GA_GPSC,646
Petroleum,GA,2013,GA_GPSC,443
Petroleum,GA,2012,GA_GPSC,379
Petroleum,GA,2011,GA_GPSC,509
Coal,GA,2021,GA_GPSC,10205
Coal,GA,2020,GA_GPSC,7585
Coal,GA,2019,GA_GPSC,13822
Coal,GA,2018,GA_GPSC,17233
Coal,GA,2017,GA_GPSC,17045
Coal,GA,2016,GA_GPSC,19622
Coal,GA,2015,GA_GPSC,19645
Coal,GA,2014,GA_GPSC,23254
Coal,GA,2013,GA_GPSC,21183
Coal,GA,2012,GA_GPSC,21438
Coal,GA,2011,GA_GPSC,29737
Natural Gas,GA,2021,GA_GPSC,431532
Natural Gas,GA,2020,GA_GPSC,451478
Natural Gas,GA,2019,GA_GPSC,447357
Natural Gas,GA,2018,GA_GPSC,394132
Natural Gas,GA,2017,GA_GPSC,389685
Natural Gas,GA,2016,GA_GPSC,395566
Natural Gas,GA,2015,GA_GPSC,387801
Natural Gas,GA,2014,GA_GPSC,302257
Natural Gas,GA,2013,GA_GPSC,294421
Natural Gas,GA,2012,GA_GPSC,322569
Natural Gas,GA,2011,GA_GPSC,204609
Petroleum,HI,2021,HI_HPUC,10879
Petroleum,HI,2020,HI_HPUC,10778
Petroleum,HI,2019,HI_HPUC,11930
Petroleum,HI,2018,HI_HPUC,11544
Petroleum,HI,2017,HI_HPUC,11307
Petroleum,HI,2016,HI_HPUC,11281
Petroleum,HI,2015,HI_HPUC,11798
Petroleum,HI,2014,HI_HPUC,11648
Petroleum,HI,2013,HI_HPUC,11974
Petroleum,HI,2012,HI_HPUC,12407
Petroleum,HI,2011,HI_HPUC,13366
Coal,HI,2021,HI_HPUC,634
Coal,HI,2020,HI_HPUC,670
Coal,HI,2019,HI_HPUC,717
Coal,HI,2018,HI_HPUC,734
Coal,HI,2017,HI_HPUC,759
Coal,HI,2016,HI_HPUC,787
Coal,HI,2015,HI_HPUC,746
Coal,HI,2014,HI_HPUC,831
Coal,HI,2013,HI_HPUC,753
Coal,HI,2012,HI_HPUC,803
Coal,HI,2011,HI_HPUC,782
Coal,ID,2021,ID_IURC,61
Coal,ID,2020,ID_IURC,54
Coal,ID,2019,ID_IURC,54
Coal,ID,2018,ID_IURC,53
Coal,ID,2017,ID_IURC,64
Coal,ID,2016,ID_IURC,71
Coal,ID,2015,ID_IURC,102
Coal,ID,2014,ID_IURC,214
Coal,ID,2013,ID_IURC,254
Coal,ID,2012,ID_IURC,155
Coal,ID,2011,ID_IURC,135
Natural Gas,ID,2021,ID_IURC,45263
Natural Gas,ID,2020,ID_IURC,38918
Natural Gas,ID,2019,ID_IURC,40032
Natural Gas,ID,2018,ID_IURC,30300
Natural Gas,ID,2017,ID_IURC,30027
Natural Gas,ID,2016,ID_IURC,31040
Natural Gas,ID,2015,ID_IURC,30455
Natural Gas,ID,2014,ID_IURC,19852
Natural Gas,ID,2013,ID_IURC,26817
Natural Gas,ID,2012,ID_IURC,15978
Natural Gas,ID,2011,ID_IURC,10123
Petroleum,IN,2021,IN_IURC,283
Petroleum,IN,2020,IN_IURC,233
Petroleum,IN,2019,IN_IURC,258
Petroleum,IN,2018,IN_IURC,278
Petroleum,IN,2017,IN_IURC,258
Petroleum,IN,2016,IN_IURC,242
Petroleum,IN,2015,IN_IURC,338
Petroleum,IN,2014,IN_IURC,376
Petroleum,IN,2013,IN_IURC,281
Petroleum,IN,2012,IN_IURC,234
Petroleum,IN,2011,IN_IURC,339
Coal,IN,2021,IN_IURC,27769
Coal,IN,2020,IN_IURC,24061
Coal,IN,2019,IN_IURC,31054
Coal,IN,2018,IN_IURC,31054
Coal,IN,2017,IN_IURC,39197
Coal,IN,2016,IN_IURC,35596
Coal,IN,2015,IN_IURC,36254
Coal,IN,2014,IN_IURC,39243
Coal,IN,2013,IN_IURC,48722
Coal,IN,2012,IN_IURC,46842
Coal,IN,2011,IN_IURC,46962
Natural Gas,IN,2021,IN_IURC,248047
Natural Gas,IN,2020,IN_IURC,274210
Natural Gas,IN,2019,IN_IURC,270561
Natural Gas,IN,2018,IN_IURC,235343
Natural Gas,IN,2017,IN_IURC,165695
Natural Gas,IN,2016,IN_IURC,199598
Natural Gas,IN,2015,IN_IURC,153109
Natural Gas,IN,2014,IN_IURC,100051
Natural Gas,IN,2013,IN_IURC,96053
Natural Gas,IN,2012,IN_IURC,128763
Natural Gas,IN,2011,IN_IURC,100477
Petroleum,IL,2021,IL_ICC,113
Petroleum,IL,2020,IL_ICC,76
Petroleum,IL,2019,IL_ICC,97
Petroleum,IL,2018,IL_ICC,107
Petroleum,IL,2017,IL_ICC,104
Petroleum,IL,2016,IL_ICC,141
Petroleum,IL,2015,IL_ICC,107
Petroleum,IL,2014,IL_ICC,168
Petroleum,IL,2013,IL_ICC,136
Petroleum,IL,2012,IL_ICC,137
Petroleum,IL,2011,IL_ICC,161
Coal,IL,2021,IL_ICC,27733
Coal,IL,2020,IL_ICC,20144
Coal,IL,2019,IL_ICC,31588
Coal,IL,2018,IL_ICC,38047
Coal,IL,2017,IL_ICC,36854
Coal,IL,2016,IL_ICC,37886
Coal,IL,2015,IL_ICC,46195
Coal,IL,2014,IL_ICC,54532
Coal,IL,2013,IL_ICC,54934
Coal,IL,2012,IL_ICC,51456
Coal,IL,2011,IL_ICC,56897
Natural Gas,IL,2021,IL_ICC,195724
Natural Gas,IL,2020,IL_ICC,250328
Natural Gas,IL,2019,IL_ICC,186479
Natural Gas,IL,2018,IL_ICC,157138
Natural Gas,IL,2017,IL_ICC,162302
Natural Gas,IL,2016,IL_ICC,163883
Natural Gas,IL,2015,IL_ICC,98549
Natural Gas,IL,2014,IL_ICC,60113
Natural Gas,IL,2013,IL_ICC,70844
Natural Gas,IL,2012,IL_ICC,110909
Natural Gas,IL,2011,IL_ICC,64595
Petroleum,IA,2021,IA_IUB,247
Petroleum,IA,2020,IA_IUB,132
Petroleum,IA,2019,IA_IUB,138
Petroleum,IA,2018,IA_IUB,131
Petroleum,IA,2017,IA_IUB,122
Petroleum,IA,2016,IA_IUB,166
Petroleum,IA,2015,IA_IUB,95
Petroleum,IA,2014,IA_IUB,128
Petroleum,IA,2013,IA_IUB,184
Petroleum,IA,2012,IA_IUB,205
Petroleum,IA,2011,IA_IUB,158
Coal,IA,2021,IA_IUB,8419
Coal,IA,2020,IA_IUB,8274
Coal,IA,2019,IA_IUB,12875
Coal,IA,2018,IA_IUB,16814
Coal,IA,2017,IA_IUB,16929
Coal,IA,2016,IA_IUB,16639
Coal,IA,2015,IA_IUB,19812
Coal,IA,2014,IA_IUB,22911
Coal,IA,2013,IA_IUB,23298
Coal,IA,2012,IA_IUB,21705
Coal,IA,2011,IA_IUB,23580
Natural Gas,IA,2021,IA_IUB,60196
Natural Gas,IA,2020,IA_IUB,61300
Natural Gas,IA,2019,IA_IUB,63436
Natural Gas,IA,2018,IA_IUB,59087
Natural Gas,IA,2017,IA_IUB,39815
Natural Gas,IA,2016,IA_IUB,26829
Natural Gas,IA,2015,IA_IUB,21146
Natural Gas,IA,2014,IA_IUB,12832
Natural Gas,IA,2013,IA_IUB,15818
Natural Gas,IA,2012,IA_IUB,19021
Natural Gas,IA,2011,IA_IUB,10287
Petroleum,KS,2021,KS_KCC,363
Petroleum,KS,2020,KS_KCC,177
Petroleum,KS,2019,KS_KCC,175
Petroleum,KS,2018,KS_KCC,118
Petroleum,KS,2017,KS_KCC,121
Petroleum,KS,2016,KS_KCC,66
Petroleum,KS,2015,KS_KCC,110
Petroleum,KS,2014,KS_KCC,116
Petroleum,KS,2013,KS_KCC,109
Petroleum,KS,2012,KS_KCC,78
Petroleum,KS,2011,KS_KCC,86
Coal,KS,2021,KS_KCC,12595
Coal,KS,2020,KS_KCC,11263
Coal,KS,2019,KS_KCC,11535
Coal,KS,2018,KS_KCC,13176
Coal,KS,2017,KS_KCC,12542
Coal,KS,2016,KS_KCC,14587
Coal,KS,2015,KS_KCC,15851
Coal,KS,2014,KS_KCC,18199
Coal,KS,2013,KS_KCC,18915
Coal,KS,2012,KS_KCC,17759
Coal,KS,2011,KS_KCC,20129
Natural Gas,KS,2021,KS_KCC,27475
Natural Gas,KS,2020,KS_KCC,29171
Natural Gas,KS,2019,KS_KCC,32789
Natural Gas,KS,2018,KS_KCC,33345
Natural Gas,KS,2017,KS_KCC,24877
Natural Gas,KS,2016,KS_KCC,24782
Natural Gas,KS,2015,KS_KCC,18148
Natural Gas,KS,2014,KS_KCC,23573
Natural Gas,KS,2013,KS_KCC,28267
Natural Gas,KS,2012,KS_KCC,36653
Natural Gas,KS,2011,KS_KCC,30525
Petroleum,KY,2021,KY_KPSC,158
Petroleum,KY,2020,KY_KPSC,167
Petroleum,KY,2019,KY_KPSC,170
Petroleum,KY,2018,KY_KPSC,181
Petroleum,KY,2017,KY_KPSC,192
Petroleum,KY,2016,KY_KPSC,212
Petroleum,KY,2015,KY_KPSC,244
Petroleum,KY,2014,KY_KPSC,246
Petroleum,KY,2013,KY_KPSC,227
Petroleum,KY,2012,KY_KPSC,232
Petroleum,KY,2011,KY_KPSC,256
Coal,KY,2021,KY_KPSC,23805
Coal,KY,2020,KY_KPSC,20809
Coal,KY,2019,KY_KPSC,25168
Coal,KY,2018,KY_KPSC,28567
Coal,KY,2017,KY_KPSC,27671
Coal,KY,2016,KY_KPSC,32071
Coal,KY,2015,KY_KPSC,34381
Coal,KY,2014,KY_KPSC,39214
Coal,KY,2013,KY_KPSC,39475
Coal,KY,2012,KY_KPSC,38978
Coal,KY,2011,KY_KPSC,42543
Natural Gas,KY,2021,KY_KPSC,113176
Natural Gas,KY,2020,KY_KPSC,107651
Natural Gas,KY,2019,KY_KPSC,117311
Natural Gas,KY,2018,KY_KPSC,117091
Natural Gas,KY,2017,KY_KPSC,85956
Natural Gas,KY,2016,KY_KPSC,71616
Natural Gas,KY,2015,KY_KPSC,56632
Natural Gas,KY,2014,KY_KPSC,31983
Natural Gas,KY,2013,KY_KPSC,19028
Natural Gas,KY,2012,KY_KPSC,35557
Natural Gas,KY,2011,KY_KPSC,20394
Petroleum,LA,2021,LA_LPSC,86
Petroleum,LA,2020,LA_LPSC,79
Petroleum,LA,2019,LA_LPSC,124
Petroleum,LA,2018,LA_LPSC,95
Petroleum,LA,2017,LA_LPSC,107
Petroleum,LA,2016,LA_LPSC,98
Petroleum,LA,2015,LA_LPSC,92
Petroleum,LA,2014,LA_LPSC,108
Petroleum,LA,2013,LA_LPSC,81
Petroleum,LA,2012,LA_LPSC,80
Petroleum,LA,2011,LA_LPSC,103
Coal,LA,2021,LA_LPSC,8419
Coal,LA,2020,LA_LPSC,8274
Coal,LA,2019,LA_LPSC,12875
Coal,LA,2018,LA_LPSC,16814
Coal,LA,2017,LA_LPSC,16929
Coal,LA,2016,LA_LPSC,16639
Coal,LA,2015,LA_LPSC,19812
Coal,LA,2014,LA_LPSC,22911
Coal,LA,2013,LA_LPSC,23298
Coal,LA,2012,LA_LPSC,21705
Coal,LA,2011,LA_LPSC,23580
Natural Gas,LA,2021,LA_LPSC,359344
Natural Gas,LA,2020,LA_LPSC,390512
Natural Gas,LA,2019,LA_LPSC,357930
Natural Gas,LA,2018,LA_LPSC,286208
Natural Gas,LA,2017,LA_LPSC,225557
Natural Gas,LA,2016,LA_LPSC,257115
Natural Gas,LA,2015,LA_LPSC,249841
Natural Gas,LA,2014,LA_LPSC,207217
Natural Gas,LA,2013,LA_LPSC,224852
Natural Gas,LA,2012,LA_LPSC,230275
Natural Gas,LA,2011,LA_LPSC,181832
Petroleum,MA,2021,MA_MDPU,172
Petroleum,MA,2020,MA_MDPU,101
Petroleum,MA,2019,MA_MDPU,221
Petroleum,MA,2018,MA_MDPU,807
Petroleum,MA,2017,MA_MDPU,521
Petroleum,MA,2016,MA_MDPU,680
Petroleum,MA,2015,MA_MDPU,1331
Petroleum,MA,2014,MA_MDPU,1677
Petroleum,MA,2013,MA_MDPU,734
Petroleum,MA,2012,MA_MDPU,382
Petroleum,MA,2011,MA_MDPU,103
Coal,MA,2016,MA_MDPU,907
Coal,MA,2015,MA_MDPU,1045
Coal,MA,2014,MA_MDPU,1295
Coal,MA,2013,MA_MDPU,1773
Coal,MA,2012,MA_MDPU,1013
Coal,MA,2011,MA_MDPU,1826
Natural Gas,MA,2021,MA_MDPU,125102
Natural Gas,MA,2020,MA_MDPU,122649
Natural Gas,MA,2019,MA_MDPU,131161
Natural Gas,MA,2018,MA_MDPU,151919
Natural Gas,MA,2017,MA_MDPU,177638
Natural Gas,MA,2016,MA_MDPU,169226
Natural Gas,MA,2015,MA_MDPU,169109
Natural Gas,MA,2014,MA_MDPU,146666
Natural Gas,MA,2013,MA_MDPU,166718
Natural Gas,MA,2012,MA_MDPU,191005
Natural Gas,MA,2011,MA_MDPU,197138
Petroleum,MD,2021,AR_APSC,199
Petroleum,MD,2020,AR_APSC,180
Petroleum,MD,2019,AR_APSC,187
Petroleum,MD,2018,AR_APSC,583
Petroleum,MD,2017,AR_APSC,268
Petroleum,MD,2016,AR_APSC,385
Petroleum,MD,2015,AR_APSC,616
Petroleum,MD,2014,AR_APSC,1116
Petroleum,MD,2013,AR_APSC,554
Petroleum,MD,2012,AR_APSC,478
Petroleum,MD,2011,AR_APSC,511
Coal,MD,2021,AR_APSC,2401
Coal,MD,2020,AR_APSC,1646
Coal,MD,2019,AR_APSC,2768
Coal,MD,2018,AR_APSC,4669
Coal,MD,2017,AR_APSC,3979
Coal,MD,2016,AR_APSC,6221
Coal,MD,2015,AR_APSC,6340
Coal,MD,2014,AR_APSC,7778
Coal,MD,2013,AR_APSC,7141
Coal,MD,2012,AR_APSC,7339
Coal,MD,2011,AR_APSC,9346
Natural Gas,MD,2021,AK_RCA,103986
Natural Gas,MD,2020,AK_RCA,106315
Natural Gas,MD,2019,AK_RCA,109325
Natural Gas,MD,2018,AK_RCA,112193
Natural Gas,MD,2017,AK_RCA,62520
Natural Gas,MD,2016,AK_RCA,59688
Natural Gas,MD,2015,AK_RCA,48811
Natural Gas,MD,2014,AK_RCA,27984
Natural Gas,MD,2013,AK_RCA,30901
Natural Gas,MD,2012,AK_RCA,54834
Natural Gas,MD,2011,AK_RCA,27503
Petroleum,ME,2021,ME_MPUC,154
Petroleum,ME,2020,ME_MPUC,146
Petroleum,ME,2019,ME_MPUC,144
Petroleum,ME,2018,ME_MPUC,417
Petroleum,ME,2017,ME_MPUC,351
Petroleum,ME,2016,ME_MPUC,291
Petroleum,ME,2015,ME_MPUC,1084
Petroleum,ME,2014,ME_MPUC,725
Petroleum,ME,2013,ME_MPUC,845
Petroleum,ME,2012,ME_MPUC,385
Petroleum,ME,2011,ME_MPUC,762
Coal,ME,2014,ME_MPUC,85
Coal,ME,2013,ME_MPUC,66
Coal,ME,2012,ME_MPUC,51
Coal,ME,2011,ME_MPUC,61
Natural Gas,ME,2021,ME_MPUC,29997
Natural Gas,ME,2020,ME_MPUC,19924
Natural Gas,ME,2019,ME_MPUC,18541
Natural Gas,ME,2018,ME_MPUC,21944
Natural Gas,ME,2017,ME_MPUC,20292
Natural Gas,ME,2016,ME_MPUC,30003
Natural Gas,ME,2015,ME_MPUC,30280
Natural Gas,ME,2014,ME_MPUC,40782
Natural Gas,ME,2013,ME_MPUC,45539
Natural Gas,ME,2012,ME_MPUC,51597
Natural Gas,ME,2011,ME_MPUC,55569
Petroleum,MI,2021,MI_MPSC,305
Petroleum,MI,2020,MI_MPSC,217
Petroleum,MI,2019,MI_MPSC,312
Petroleum,MI,2018,MI_MPSC,290
Petroleum,MI,2017,MI_MPSC,259
Petroleum,MI,2016,MI_MPSC,271
Petroleum,MI,2015,MI_MPSC,237
Petroleum,MI,2014,MI_MPSC,301
Petroleum,MI,2013,MI_MPSC,273
Petroleum,MI,2012,MI_MPSC,294
Petroleum,MI,2011,MI_MPSC,395
Coal,MI,2021,MI_MPSC,20777
Coal,MI,2020,MI_MPSC,15978
Coal,MI,2019,MI_MPSC,21370
Coal,MI,2018,MI_MPSC,24391
Coal,MI,2017,MI_MPSC,24162
Coal,MI,2016,MI_MPSC,23301
Coal,MI,2015,MI_MPSC,29814
Coal,MI,2014,MI_MPSC,29790
Coal,MI,2013,MI_MPSC,32206
Coal,MI,2012,MI_MPSC,30198
Coal,MI,2011,MI_MPSC,32915
Natural Gas,MI,2021,MI_MPSC,283193
Natural Gas,MI,2020,MI_MPSC,407007
Natural Gas,MI,2019,MI_MPSC,311251
Natural Gas,MI,2018,MI_MPSC,287800
Natural Gas,MI,2017,MI_MPSC,245637
Natural Gas,MI,2016,MI_MPSC,273450
Natural Gas,MI,2015,MI_MPSC,194361
Natural Gas,MI,2014,MI_MPSC,136975
Natural Gas,MI,2013,MI_MPSC,131844
Natural Gas,MI,2012,MI_MPSC,203080
Natural Gas,MI,2011,MI_MPSC,123782
Petroleum,MN,2021,MN_MPUC,329
Petroleum,MN,2020,MN_MPUC,237
Petroleum,MN,2019,MN_MPUC,333
Petroleum,MN,2018,MN_MPUC,469
Petroleum,MN,2017,MN_MPUC,391
Petroleum,MN,2016,MN_MPUC,445
Petroleum,MN,2015,MN_MPUC,447
Petroleum,MN,2014,MN_MPUC,620
Petroleum,MN,2013,MN_MPUC,479
Petroleum,MN,2012,MN_MPUC,536
Petroleum,MN,2011,MN_MPUC,595
Coal,MN,2021,MN_MPUC,19032
Coal,MN,2020,MN_MPUC,18782
Coal,MN,2019,MN_MPUC,19624
Coal,MN,2018,MN_MPUC,25150
Coal,MN,2017,MN_MPUC,28558
Coal,MN,2016,MN_MPUC,29266
Coal,MN,2015,MN_MPUC,30897
Coal,MN,2014,MN_MPUC,38848
Coal,MN,2013,MN_MPUC,41038
Coal,MN,2012,MN_MPUC,37589
Coal,MN,2011,MN_MPUC,48729
Natural Gas,MN,2021,MN_MPUC,406185
Natural Gas,MN,2020,MN_MPUC,390221
Natural Gas,MN,2019,MN_MPUC,378912
Natural Gas,MN,2018,MN_MPUC,336637
Natural Gas,MN,2017,MN_MPUC,220356
Natural Gas,MN,2016,MN_MPUC,221081
Natural Gas,MN,2015,MN_MPUC,213317
Natural Gas,MN,2014,MN_MPUC,178649
Natural Gas,MN,2013,MN_MPUC,166296
Natural Gas,MN,2012,MN_MPUC,178027
Natural Gas,MN,2011,MN_MPUC,97615
Petroleum,MO,2021,MO_MPSC,610
Petroleum,MO,2020,MO_MPSC,191
Petroleum,MO,2019,MO_MPSC,250
Petroleum,MO,2018,MO_MPSC,229
Petroleum,MO,2017,MO_MPSC,137
Petroleum,MO,2016,MO_MPSC,168
Petroleum,MO,2015,MO_MPSC,210
Petroleum,MO,2014,MO_MPSC,224
Petroleum,MO,2013,MO_MPSC,136
Petroleum,MO,2012,MO_MPSC,163
Petroleum,MO,2011,MO_MPSC,170
Coal,MO,2021,MO_MPSC,33822
Coal,MO,2020,MO_MPSC,30474
Coal,MO,2019,MO_MPSC,32773
Coal,MO,2018,MO_MPSC,37072
Coal,MO,2017,MO_MPSC,39538
Coal,MO,2016,MO_MPSC,35649
Coal,MO,2015,MO_MPSC,38575
Coal,MO,2014,MO_MPSC,43226
Coal,MO,2013,MO_MPSC,44676
Coal,MO,2012,MO_MPSC,42552
Coal,MO,2011,MO_MPSC,46632
Natural Gas,MO,2021,MO_MPSC,58432
Natural Gas,MO,2020,MO_MPSC,71597
Natural Gas,MO,2019,MO_MPSC,71291
Natural Gas,MO,2018,MO_MPSC,66680
Natural Gas,MO,2017,MO_MPSC,50249
Natural Gas,MO,2016,MO_MPSC,55441
Natural Gas,MO,2015,MO_MPSC,40669
Natural Gas,MO,2014,MO_MPSC,35968
Natural Gas,MO,2013,MO_MPSC,38206
Natural Gas,MO,2012,MO_MPSC,51795
Natural Gas,MO,2011,MO_MPSC,38419
Petroleum,MS,2021,MS_MPSC,23
Petroleum,MS,2020,MS_MPSC,28
Petroleum,MS,2019,MS_MPSC,36
Petroleum,MS,2018,MS_MPSC,65
Petroleum,MS,2017,MS_MPSC,35
Petroleum,MS,2016,MS_MPSC,46
Petroleum,MS,2015,MS_MPSC,39
Petroleum,MS,2014,MS_MPSC,34
Petroleum,MS,2013,MS_MPSC,42
Petroleum,MS,2012,MS_MPSC,48
Petroleum,MS,2011,MS_MPSC,88
Coal,MS,2021,MS_MPSC,4774
Coal,MS,2020,MS_MPSC,3989
Coal,MS,2019,MS_MPSC,3833
Coal,MS,2018,MS_MPSC,4506
Coal,MS,2017,MS_MPSC,3865
Coal,MS,2016,MS_MPSC,4522
Coal,MS,2015,MS_MPSC,4830
Coal,MS,2014,MS_MPSC,6550
Coal,MS,2013,MS_MPSC,5867
Coal,MS,2012,MS_MPSC,5240
Coal,MS,2011,MS_MPSC,6203
Natural Gas,MS,2021,MS_MPSC,361539
Natural Gas,MS,2020,MS_MPSC,400021
Natural Gas,MS,2019,MS_MPSC,369226
Natural Gas,MS,2018,MS_MPSC,375445
Natural Gas,MS,2017,MS_MPSC,347817
Natural Gas,MS,2016,MS_MPSC,373382
Natural Gas,MS,2015,MS_MPSC,337657
Natural Gas,MS,2014,MS_MPSC,241809
Natural Gas,MS,2013,MS_MPSC,252795
Natural Gas,MS,2012,MS_MPSC,311410
Natural Gas,MS,2011,MS_MPSC,249354
Petroleum,MT,2021,MS_MPSC,18
Petroleum,MT,2020,MS_MPSC,21
Petroleum,MT,2019,MS_MPSC,35
Petroleum,MT,2018,MS_MPSC,38
Petroleum,MT,2017,MS_MPSC,32
Petroleum,MT,2016,MS_MPSC,40
Petroleum,MT,2015,MS_MPSC,32
Petroleum,MT,2014,MS_MPSC,58
Petroleum,MT,2013,MS_MPSC,34
Petroleum,MT,2012,MS_MPSC,32
Petroleum,MT,2011,MS_MPSC,40
Coal,MT,2021,MS_MPSC,7006
Coal,MT,2020,MS_MPSC,5733
Coal,MT,2019,MS_MPSC,9365
Coal,MT,2018,MS_MPSC,8856
Coal,MT,2017,MS_MPSC,9002
Coal,MT,2016,MS_MPSC,9383
Coal,MT,2015,MS_MPSC,10327
Coal,MT,2014,MS_MPSC,10225
Coal,MT,2013,MS_MPSC,9620
Coal,MT,2012,MS_MPSC,9108
Coal,MT,2011,MS_MPSC,9802
Natural Gas,MT,2021,MS_MPSC,6182
Natural Gas,MT,2020,MS_MPSC,3830
Natural Gas,MT,2019,MS_MPSC,5853
Natural Gas,MT,2018,MS_MPSC,5681
Natural Gas,MT,2017,MS_MPSC,5121
Natural Gas,MT,2016,MS_MPSC,5763
Natural Gas,MT,2015,MS_MPSC,6558
Natural Gas,MT,2014,MS_MPSC,5936
Natural Gas,MT,2013,MS_MPSC,7273
Natural Gas,MT,2012,MS_MPSC,5370
Natural Gas,MT,2011,MS_MPSC,4681
Petroleum,NC,2021,NC_NCUC,525
Petroleum,NC,2020,NC_NCUC,323
Petroleum,NC,2019,NC_NCUC,416
Petroleum,NC,2018,NC_NCUC,1347
Petroleum,NC,2017,NC_NCUC,547
Petroleum,NC,2016,NC_NCUC,521
Petroleum,NC,2015,NC_NCUC,880
Petroleum,NC,2014,NC_NCUC,990
Petroleum,NC,2013,NC_NCUC,473
Petroleum,NC,2012,NC_NCUC,428
Petroleum,NC,2011,NC_NCUC,571
Coal,NC,2021,NC_NCUC,8811
Coal,NC,2020,NC_NCUC,8913
Coal,NC,2019,NC_NCUC,12721
Coal,NC,2018,NC_NCUC,12993
Coal,NC,2017,NC_NCUC,13910
Coal,NC,2016,NC_NCUC,15314
Coal,NC,2015,NC_NCUC,16225
Coal,NC,2014,NC_NCUC,20109
Coal,NC,2013,NC_NCUC,19721
Coal,NC,2012,NC_NCUC,21418
Coal,NC,2011,NC_NCUC,25177
Natural Gas,NC,2021,NC_NCUC,372032
Natural Gas,NC,2020,NC_NCUC,313875
Natural Gas,NC,2019,NC_NCUC,313900
Natural Gas,NC,2018,NC_NCUC,338519
Natural Gas,NC,2017,NC_NCUC,284625
Natural Gas,NC,2016,NC_NCUC,298641
Natural Gas,NC,2015,NC_NCUC,279711
Natural Gas,NC,2014,NC_NCUC,210606
Natural Gas,NC,2013,NC_NCUC,206182
Natural Gas,NC,2012,NC_NCUC,154742
Natural Gas,NC,2011,NC_NCUC,92706
Petroleum,ND,2021,MS_MPSC,68
Petroleum,ND,2020,MS_MPSC,63
Petroleum,ND,2019,MS_MPSC,68
Petroleum,ND,2018,MS_MPSC,77
Petroleum,ND,2017,MS_MPSC,77
Petroleum,ND,2016,MS_MPSC,65
Petroleum,ND,2015,MS_MPSC,66
Petroleum,ND,2014,MS_MPSC,58
Petroleum,ND,2013,MS_MPSC,74
Petroleum,ND,2012,MS_MPSC,81
Petroleum,ND,2011,MS_MPSC,101
Coal,ND,2021,MS_MPSC,20742
Coal,ND,2020,MS_MPSC,20693
Coal,ND,2019,MS_MPSC,21592
Coal,ND,2018,MS_MPSC,23369
Coal,ND,2017,MS_MPSC,22439
Coal,ND,2016,MS_MPSC,21998
Coal,ND,2015,MS_MPSC,22988
Coal,ND,2014,MS_MPSC,22543
Coal,ND,2013,MS_MPSC,22572
Coal,ND,2012,MS_MPSC,23064
Coal,ND,2011,MS_MPSC,22297
Natural Gas,ND,2021,MS_MPSC,17505
Natural Gas,ND,2020,MS_MPSC,18201
Natural Gas,ND,2019,MS_MPSC,15994
Natural Gas,ND,2018,MS_MPSC,11029
Natural Gas,ND,2017,MS_MPSC,8159
Natural Gas,ND,2016,MS_MPSC,12347
Natural Gas,ND,2015,MS_MPSC,7684
Natural Gas,ND,2014,MS_MPSC,3120
Natural Gas,ND,2013,MS_MPSC,1337
Natural Gas,ND,2011,MS_MPSC,1096
Petroleum,NE,2021,NE_NPSC,136
Petroleum,NE,2020,NE_NPSC,38
Petroleum,NE,2019,NE_NPSC,41
Petroleum,NE,2018,NE_NPSC,34
Petroleum,NE,2017,NE_NPSC,16
Petroleum,NE,2016,NE_NPSC,16
Petroleum,NE,2015,NE_NPSC,16
Petroleum,NE,2014,NE_NPSC,99
Petroleum,NE,2013,NE_NPSC,94
Petroleum,NE,2012,NE_NPSC,43
Petroleum,NE,2011,NE_NPSC,70
Coal,NE,2021,NE_NPSC,12362
Coal,NE,2020,NE_NPSC,12207
Coal,NE,2019,NE_NPSC,13938
Coal,NE,2018,NE_NPSC,15225
Coal,NE,2017,NE_NPSC,13337
Coal,NE,2016,NE_NPSC,13820
Coal,NE,2015,NE_NPSC,15242
Coal,NE,2014,NE_NPSC,15816
Coal,NE,2013,NE_NPSC,16569
Coal,NE,2012,NE_NPSC,15681
Coal,NE,2011,NE_NPSC,16332
Natural Gas,NE,2021,NE_NPSC,11311
Natural Gas,NE,2020,NE_NPSC,10891
Natural Gas,NE,2019,NE_NPSC,12089
Natural Gas,NE,2018,NE_NPSC,9239
Natural Gas,NE,2017,NE_NPSC,6184
Natural Gas,NE,2016,NE_NPSC,5829
Natural Gas,NE,2015,NE_NPSC,4278
Natural Gas,NE,2014,NE_NPSC,4207
Natural Gas,NE,2013,NE_NPSC,4606
Natural Gas,NE,2012,NE_NPSC,8197
Natural Gas,NE,2011,NE_NPSC,5282
Petroleum,NH,2021,NH_NHPUC,175
Petroleum,NH,2020,NH_NHPUC,129
Petroleum,NH,2019,NH_NHPUC,121
Petroleum,NH,2018,NH_NHPUC,374
Petroleum,NH,2017,NH_NHPUC,237
Petroleum,NH,2016,NH_NHPUC,144
Petroleum,NH,2015,NH_NHPUC,370
Petroleum,NH,2014,NH_NHPUC,533
Petroleum,NH,2013,NH_NHPUC,265
Petroleum,NH,2012,NH_NHPUC,137
Petroleum,NH,2011,NH_NHPUC,241
Coal,NH,2021,NH_NHPUC,123
Coal,NH,2020,NH_NHPUC,58
Coal,NH,2019,NH_NHPUC,159
Coal,NH,2018,NH_NHPUC,294
Coal,NH,2017,NH_NHPUC,134
Coal,NH,2016,NH_NHPUC,194
Coal,NH,2015,NH_NHPUC,406
Coal,NH,2014,NH_NHPUC,544
Coal,NH,2013,NH_NHPUC,616
Coal,NH,2012,NH_NHPUC,520
Coal,NH,2011,NH_NHPUC,898
Natural Gas,NH,2021,NH_NHPUC,32606
Natural Gas,NH,2020,NH_NHPUC,26518
Natural Gas,NH,2019,NH_NHPUC,25948
Natural Gas,NH,2018,NH_NHPUC,22016
Natural Gas,NH,2017,NH_NHPUC,26454
Natural Gas,NH,2016,NH_NHPUC,34498
Natural Gas,NH,2015,NH_NHPUC,43304
Natural Gas,NH,2014,NH_NHPUC,31785
Natural Gas,NH,2013,NH_NHPUC,30199
Natural Gas,NH,2012,NH_NHPUC,50900
Natural Gas,NH,2011,NH_NHPUC,47148
Petroleum,NM,2021,NM_NMPRC,67
Petroleum,NM,2020,NM_NMPRC,67
Petroleum,NM,2019,NM_NMPRC,703
Petroleum,NM,2018,NM_NMPRC,42
Petroleum,NM,2017,NM_NMPRC,81
Petroleum,NM,2016,NM_NMPRC,101
Petroleum,NM,2015,NM_NMPRC,126
Petroleum,NM,2014,NM_NMPRC,124
Petroleum,NM,2013,NM_NMPRC,110
Petroleum,NM,2012,NM_NMPRC,88
Petroleum,NM,2011,NM_NMPRC,72
Coal,NM,2021,NM_NMPRC,7075
Coal,NM,2020,NM_NMPRC,7443
Coal,NM,2019,NM_NMPRC,8148
Coal,NM,2018,NM_NMPRC,7262
Coal,NM,2017,NM_NMPRC,10494
Coal,NM,2016,NM_NMPRC,10547
Coal,NM,2015,NM_NMPRC,11882
Coal,NM,2014,NM_NMPRC,11913
Coal,NM,2013,NM_NMPRC,14270
Coal,NM,2012,NM_NMPRC,14452
Coal,NM,2011,NM_NMPRC,15496
Natural Gas,NM,2021,NM_NMPRC,84067
Natural Gas,NM,2020,NM_NMPRC,101394
Natural Gas,NM,2019,NM_NMPRC,104706
Natural Gas,NM,2018,NM_NMPRC,99910
Natural Gas,NM,2017,NM_NMPRC,76807
Natural Gas,NM,2016,NM_NMPRC,82776
Natural Gas,NM,2015,NM_NMPRC,79729
Natural Gas,NM,2014,NM_NMPRC,78628
Natural Gas,NM,2013,NM_NMPRC,75833
Natural Gas,NM,2012,NM_NMPRC,75255
Natural Gas,NM,2011,NM_NMPRC,74772
Petroleum,NV,2021,NV_PUCN,16
Petroleum,NV,2020,NV_PUCN,13
Petroleum,NV,2019,NV_PUCN,25
Petroleum,NV,2018,NV_PUCN,21
Petroleum,NV,2017,NV_PUCN,19
Petroleum,NV,2016,NV_PUCN,22
Petroleum,NV,2015,NV_PUCN,31
Petroleum,NV,2014,NV_PUCN,29
Petroleum,NV,2013,NV_PUCN,35
Petroleum,NV,2012,NV_PUCN,41
Petroleum,NV,2011,NV_PUCN,28
Coal,NV,2021,NV_PUCN,1490
Coal,NV,2020,NV_PUCN,1105
Coal,NV,2019,NV_PUCN,1551
Coal,NV,2018,NV_PUCN,1412
Coal,NV,2017,NV_PUCN,1097
Coal,NV,2016,NV_PUCN,1192
Coal,NV,2015,NV_PUCN,1507
Coal,NV,2014,NV_PUCN,3446
Coal,NV,2013,NV_PUCN,2933
Coal,NV,2012,NV_PUCN,2258
Coal,NV,2011,NV_PUCN,2863
Natural Gas,NV,2021,NV_PUCN,199459
Natural Gas,NV,2020,NV_PUCN,206556
Natural Gas,NV,2019,NV_PUCN,196449
Natural Gas,NV,2018,NV_PUCN,203273
Natural Gas,NV,2017,NV_PUCN,199648
Natural Gas,NV,2016,NV_PUCN,219058
Natural Gas,NV,2015,NV_PUCN,212984
Natural Gas,NV,2014,NV_PUCN,169481
Natural Gas,NV,2013,NV_PUCN,184187
Natural Gas,NV,2012,NV_PUCN,192242
Natural Gas,NV,2011,NV_PUCN,164919
Petroleum,NY,2021,NY_NYSPSC,16
Petroleum,NY,2020,NY_NYSPSC,13
Petroleum,NY,2019,NY_NYSPSC,25
Petroleum,NY,2018,NY_NYSPSC,21
Petroleum,NY,2017,NY_NYSPSC,19
Petroleum,NY,2016,NY_NYSPSC,22
Petroleum,NY,2015,NY_NYSPSC,31
Petroleum,NY,2014,NY_NYSPSC,29
Petroleum,NY,2013,NY_NYSPSC,35
Petroleum,NY,2012,NY_NYSPSC,41
Petroleum,NY,2011,NY_NYSPSC,28
Coal,NY,2021,NY_NYSPSC,1490
Coal,NY,2020,NY_NYSPSC,1105
Coal,NY,2019,NY_NYSPSC,1551
Coal,NY,2018,NY_NYSPSC,1412
Coal,NY,2017,NY_NYSPSC,1097
Coal,NY,2016,NY_NYSPSC,1192
Coal,NY,2015,NY_NYSPSC,1507
Coal,NY,2014,NY_NYSPSC,3446
Coal,NY,2013,NY_NYSPSC,2933
Coal,NY,2012,NY_NYSPSC,2258
Coal,NY,2011,NY_NYSPSC,2863
Natural Gas,NY,2021,NY_NYSPSC,199459
Natural Gas,NY,2020,NY_NYSPSC,206556
Natural Gas,NY,2019,NY_NYSPSC,196449
Natural Gas,NY,2018,NY_NYSPSC,203273
Natural Gas,NY,2017,NY_NYSPSC,199648
Natural Gas,NY,2016,NY_NYSPSC,219058
Natural Gas,NY,2015,NY_NYSPSC,212984
Natural Gas,NY,2014,NY_NYSPSC,169481
Natural Gas,NY,2013,NY_NYSPSC,184187
Natural Gas,NY,2012,NY_NYSPSC,192242
Natural Gas,NY,2011,NY_NYSPSC,164919
Petroleum,OH,2021,MS_MPSC,329
Petroleum,OH,2020,MS_MPSC,237
Petroleum,OH,2019,MS_MPSC,333
Petroleum,OH,2018,MS_MPSC,469
Petroleum,OH,2017,MS_MPSC,391
Petroleum,OH,2016,MS_MPSC,445
Petroleum,OH,2015,MS_MPSC,447
Petroleum,OH,2014,MS_MPSC,620
Petroleum,OH,2013,MS_MPSC,479
Petroleum,OH,2012,MS_MPSC,536
Petroleum,OH,2011,MS_MPSC,595
Coal,OH,2021,MS_MPSC,19032
Coal,OH,2020,MS_MPSC,18782
Coal,OH,2019,MS_MPSC,19624
Coal,OH,2018,MS_MPSC,25150
Coal,OH,2017,MS_MPSC,28558
Coal,OH,2016,MS_MPSC,29266
Coal,OH,2015,MS_MPSC,30897
Coal,OH,2014,MS_MPSC,38848
Coal,OH,2013,MS_MPSC,41038
Coal,OH,2012,MS_MPSC,37589
Coal,OH,2011,MS_MPSC,48729
Natural Gas,OH,2021,MS_MPSC,19032
Natural Gas,OH,2020,MS_MPSC,406185
Natural Gas,OH,2019,MS_MPSC,390221
Natural Gas,OH,2018,MS_MPSC,378912
Natural Gas,OH,2017,MS_MPSC,336637
Natural Gas,OH,2016,MS_MPSC,220356
Natural Gas,OH,2015,MS_MPSC,221081
Natural Gas,OH,2014,MS_MPSC,213317
Natural Gas,OH,2013,MS_MPSC,178649
Natural Gas,OH,2012,MS_MPSC,178027
Natural Gas,OH,2011,MS_MPSC,97615
Petroleum,NJ,2021,NJ_NJBPU,83
Petroleum,NJ,2020,NJ_NJBPU,46
Petroleum,NJ,2019,NJ_NJBPU,138
Petroleum,NJ,2018,NJ_NJBPU,583
Petroleum,NJ,2017,NJ_NJBPU,156
Petroleum,NJ,2016,NJ_NJBPU,215
Petroleum,NJ,2015,NJ_NJBPU,569
Petroleum,NJ,2014,NJ_NJBPU,858
Petroleum,NJ,2013,NJ_NJBPU,208
Petroleum,NJ,2012,NJ_NJBPU,85
Petroleum,NJ,2011,NJ_NJBPU,250
Coal,NJ,2021,NJ_NJBPU,496
Coal,NJ,2020,NJ_NJBPU,473
Coal,NJ,2019,NJ_NJBPU,530
Coal,NJ,2018,NJ_NJBPU,648
Coal,NJ,2017,NJ_NJBPU,631
Coal,NJ,2016,NJ_NJBPU,667
Coal,NJ,2015,NJ_NJBPU,893
Coal,NJ,2014,NJ_NJBPU,1214
Coal,NJ,2013,NJ_NJBPU,1017
Coal,NJ,2012,NJ_NJBPU,1007
Coal,NJ,2011,NJ_NJBPU,1976
Natural Gas,NJ,2021,NJ_NJBPU,229459
Natural Gas,NJ,2020,NJ_NJBPU,235185
Natural Gas,NJ,2019,NJ_NJBPU,302618
Natural Gas,NJ,2018,NJ_NJBPU,294646
Natural Gas,NJ,2017,NJ_NJBPU,284017
Natural Gas,NJ,2016,NJ_NJBPU,335243
Natural Gas,NJ,2015,NJ_NJBPU,292443
Natural Gas,NJ,2014,NJ_NJBPU,258869
Natural Gas,NJ,2013,NJ_NJBPU,226472
Natural Gas,NJ,2012,NJ_NJBPU,236198
Natural Gas,NJ,2011,NJ_NJBPU,209508
Petroleum,OK,2021,OK_OCC,67
Petroleum,OK,2020,OK_OCC,52
Petroleum,OK,2019,OK_OCC,35
Petroleum,OK,2018,OK_OCC,33
Petroleum,OK,2017,OK_OCC,29
Petroleum,OK,2016,OK_OCC,32
Petroleum,OK,2015,OK_OCC,20
Petroleum,OK,2014,OK_OCC,23
Petroleum,OK,2013,OK_OCC,22
Petroleum,OK,2012,OK_OCC,22
Petroleum,OK,2011,OK_OCC,31
Coal,OK,2021,OK_OCC,7478
Coal,OK,2020,OK_OCC,4046
Coal,OK,2019,OK_OCC,5359
Coal,OK,2018,OK_OCC,9803
Coal,OK,2017,OK_OCC,11319
Coal,OK,2016,OK_OCC,12652
Coal,OK,2015,OK_OCC,16117
Coal,OK,2014,OK_OCC,19257
Coal,OK,2013,OK_OCC,19298
Coal,OK,2012,OK_OCC,18805
Coal,OK,2011,OK_OCC,21831
Natural Gas,OK,2021,OK_OCC,277378
Natural Gas,OK,2020,OK_OCC,359300
Natural Gas,OK,2019,OK_OCC,360656
Natural Gas,OK,2018,OK_OCC,337630
Natural Gas,OK,2017,OK_OCC,283786
Natural Gas,OK,2016,OK_OCC,283786
Natural Gas,OK,2015,OK_OCC,261598
Natural Gas,OK,2014,OK_OCC,252767
Natural Gas,OK,2013,OK_OCC,212678
Natural Gas,OK,2012,OK_OCC,323138
Natural Gas,OK,2011,OK_OCC,269376
Petroleum,OR,2021,OR_OR,1
Coal,OR,2019,OR_OR,1499
Coal,OR,2018,OR_OR,898
Coal,OR,2017,OR_OR,1031
Coal,OR,2016,OR_OR,1125
Coal,OR,2015,OR_OR,1401
Coal,OR,2014,OR_OR,1853
Coal,OR,2013,OR_OR,2183
Coal,OR,2012,OR_OR,1583
Coal,OR,2011,OR_OR,1985
Natural Gas,OR,2021,OR_OR,155113
Natural Gas,OR,2020,OR_OR,137819
Natural Gas,OR,2019,OR_OR,150441
Natural Gas,OR,2018,OR_OR,129181
Natural Gas,OR,2017,OR_OR,110855
Natural Gas,OR,2016,OR_OR,112715
Natural Gas,OR,2015,OR_OR,118536
Natural Gas,OR,2014,OR_OR,95216
Natural Gas,OR,2013,OR_OR,107169
Natural Gas,OR,2012,OR_OR,86848
Natural Gas,OR,2011,OR_OR,62911
Petroleum,PA,2021,PA_OPUC,287
Petroleum,PA,2020,PA_OPUC,216
Petroleum,PA,2019,PA_OPUC,435
Petroleum,PA,2018,PA_OPUC,1423
Petroleum,PA,2017,PA_OPUC,560
Petroleum,PA,2016,PA_OPUC,639
Petroleum,PA,2015,PA_OPUC,1115
Petroleum,PA,2014,PA_OPUC,1309
Petroleum,PA,2013,PA_OPUC,721
Petroleum,PA,2012,PA_OPUC,662
Petroleum,PA,2011,PA_OPUC,956
Coal,PA,2021,PA_OPUC,27733
Coal,PA,2020,PA_OPUC,20144
Coal,PA,2019,PA_OPUC,31588
Coal,PA,2018,PA_OPUC,38047
Coal,PA,2017,PA_OPUC,36854
Coal,PA,2016,PA_OPUC,37886
Coal,PA,2015,PA_OPUC,46195
Coal,PA,2014,PA_OPUC,54532
Coal,PA,2013,PA_OPUC,54934
Coal,PA,2012,PA_OPUC,51456
Coal,PA,2011,PA_OPUC,56897
Natural Gas,PA,2021,PA_OPUC,195724
Natural Gas,PA,2020,PA_OPUC,250328
Natural Gas,PA,2019,PA_OPUC,186479
Natural Gas,PA,2018,PA_OPUC,157138
Natural Gas,PA,2017,PA_OPUC,162302
Natural Gas,PA,2016,PA_OPUC,163883
Natural Gas,PA,2015,PA_OPUC,98549
Natural Gas,PA,2014,PA_OPUC,60113
Natural Gas,PA,2013,PA_OPUC,70844
Natural Gas,PA,2012,PA_OPUC,110909
Natural Gas,PA,2011,PA_OPUC,64595
Petroleum,RI,2021,RI_RIDPUC,34
Petroleum,RI,2020,RI_RIDPUC,12
Petroleum,RI,2019,RI_RIDPUC,32
Petroleum,RI,2018,RI_RIDPUC,130
Petroleum,RI,2017,RI_RIDPUC,98
Petroleum,RI,2016,RI_RIDPUC,61
Petroleum,RI,2015,RI_RIDPUC,166
Petroleum,RI,2014,RI_RIDPUC,125
Petroleum,RI,2013,RI_RIDPUC,440
Petroleum,RI,2012,RI_RIDPUC,33
Petroleum,RI,2011,RI_RIDPUC,41
Natural Gas,RI,2021,RI_RIDPUC,65086
Natural Gas,RI,2020,RI_RIDPUC,61546
Natural Gas,RI,2019,RI_RIDPUC,54583
Natural Gas,RI,2018,RI_RIDPUC,60295
Natural Gas,RI,2017,RI_RIDPUC,53832
Natural Gas,RI,2016,RI_RIDPUC,48393
Natural Gas,RI,2015,RI_RIDPUC,51290
Natural Gas,RI,2014,RI_RIDPUC,46005
Natural Gas,RI,2013,RI_RIDPUC,47550
Natural Gas,RI,2012,RI_RIDPUC,61821
Natural Gas,RI,2011,RI_RIDPUC,66089
Petroleum,SC,2021,MS_MPSC,208
Petroleum,SC,2020,MS_MPSC,168
Petroleum,SC,2019,MS_MPSC,189
Petroleum,SC,2018,MS_MPSC,683
Petroleum,SC,2017,MS_MPSC,239
Petroleum,SC,2016,MS_MPSC,292
Petroleum,SC,2015,MS_MPSC,454
Petroleum,SC,2014,MS_MPSC,549
Petroleum,SC,2013,MS_MPSC,261
Petroleum,SC,2012,MS_MPSC,264
Petroleum,SC,2011,MS_MPSC,261
Coal,SC,2021,MS_MPSC,6572
Coal,SC,2020,MS_MPSC,5583
Coal,SC,2019,MS_MPSC,6491
Coal,SC,2018,MS_MPSC,8305
Coal,SC,2017,MS_MPSC,7682
Coal,SC,2016,MS_MPSC,8809
Coal,SC,2015,MS_MPSC,9468
Coal,SC,2014,MS_MPSC,12077
Coal,SC,2013,MS_MPSC,10201
Coal,SC,2012,MS_MPSC,11883
Coal,SC,2011,MS_MPSC,14346
Natural Gas,SC,2021,MS_MPSC,183905
Natural Gas,SC,2020,MS_MPSC,189615
Natural Gas,SC,2019,MS_MPSC,188023
Natural Gas,SC,2018,MS_MPSC,178830
Natural Gas,SC,2017,MS_MPSC,140622
Natural Gas,SC,2016,MS_MPSC,137245
Natural Gas,SC,2015,MS_MPSC,138407
Natural Gas,SC,2014,MS_MPSC,88980
Natural Gas,SC,2013,MS_MPSC,96219
Natural Gas,SC,2012,MS_MPSC,118531
Natural Gas,SC,2011,MS_MPSC,100793
Petroleum,SD,2021,SD_SDPUC,85
Petroleum,SD,2020,SD_SDPUC,19
Petroleum,SD,2019,SD_SDPUC,34
Petroleum,SD,2018,SD_SDPUC,20
Petroleum,SD,2017,SD_SDPUC,15
Petroleum,SD,2016,SD_SDPUC,11
Petroleum,SD,2015,SD_SDPUC,38
Petroleum,SD,2014,SD_SDPUC,23
Petroleum,SD,2013,SD_SDPUC,21
Petroleum,SD,2012,SD_SDPUC,18
Petroleum,SD,2011,SD_SDPUC,21
Coal,SD,2021,SD_SDPUC,1092
Coal,SD,2020,SD_SDPUC,1130
Coal,SD,2019,SD_SDPUC,1690
Coal,SD,2018,SD_SDPUC,1493
Coal,SD,2017,SD_SDPUC,1355
Coal,SD,2016,SD_SDPUC,1403
Coal,SD,2015,SD_SDPUC,990
Coal,SD,2014,SD_SDPUC,1780
Coal,SD,2013,SD_SDPUC,1847
Coal,SD,2012,SD_SDPUC,1950
Coal,SD,2011,SD_SDPUC,1768
Natural Gas,SD,2021,SD_SDPUC,12970
Natural Gas,SD,2020,SD_SDPUC,9764
Natural Gas,SD,2019,SD_SDPUC,10049
Natural Gas,SD,2018,SD_SDPUC,9099
Natural Gas,SD,2017,SD_SDPUC,5713
Natural Gas,SD,2016,SD_SDPUC,7410
Natural Gas,SD,2015,SD_SDPUC,6128
Natural Gas,SD,2014,SD_SDPUC,3865
Natural Gas,SD,2013,SD_SDPUC,4071
Natural Gas,SD,2012,SD_SDPUC,2465
Natural Gas,SD,2011,SD_SDPUC,1589
Petroleum,TN,2021,TN_TPUC,273
Petroleum,TN,2020,TN_TPUC,226
Petroleum,TN,2019,TN_TPUC,286
Petroleum,TN,2018,TN_TPUC,240
Petroleum,TN,2017,TN_TPUC,258
Petroleum,TN,2016,TN_TPUC,252
Petroleum,TN,2015,TN_TPUC,274
Petroleum,TN,2014,TN_TPUC,371
Petroleum,TN,2013,TN_TPUC,261
Petroleum,TN,2012,TN_TPUC,298
Petroleum,TN,2011,TN_TPUC,382
Coal,TN,2021,TN_TPUC,9497
Coal,TN,2020,TN_TPUC,7406
Coal,TN,2019,TN_TPUC,10010
Coal,TN,2018,TN_TPUC,11199
Coal,TN,2017,TN_TPUC,15513
Coal,TN,2016,TN_TPUC,17052
Coal,TN,2015,TN_TPUC,16416
Coal,TN,2014,TN_TPUC,19576
Coal,TN,2013,TN_TPUC,18380
Coal,TN,2012,TN_TPUC,19165
Coal,TN,2011,TN_TPUC,21843
Natural Gas,TN,2021,TN_TPUC,136532
Natural Gas,TN,2020,TN_TPUC,142113
Natural Gas,TN,2019,TN_TPUC,152820
Natural Gas,TN,2018,TN_TPUC,127086
Natural Gas,TN,2017,TN_TPUC,96587
Natural Gas,TN,2016,TN_TPUC,103406
Natural Gas,TN,2015,TN_TPUC,81786
Natural Gas,TN,2014,TN_TPUC,51805
Natural Gas,TN,2013,TN_TPUC,41687
Natural Gas,TN,2012,TN_TPUC,67430
Natural Gas,TN,2011,TN_TPUC,30767
Petroleum,TX,2021,TX_PUCT,447
Petroleum,TX,2020,TX_PUCT,122
Petroleum,TX,2019,TX_PUCT,217
Petroleum,TX,2018,TX_PUCT,156
Petroleum,TX,2017,TX_PUCT,160
Petroleum,TX,2016,TX_PUCT,181
Petroleum,TX,2015,TX_PUCT,229
Petroleum,TX,2014,TX_PUCT,222
Petroleum,TX,2013,TX_PUCT,204
Petroleum,TX,2012,TX_PUCT,280
Petroleum,TX,2011,TX_PUCT,289
Coal,TX,2021,TX_PUCT,61762
Coal,TX,2020,TX_PUCT,56069
Coal,TX,2019,TX_PUCT,63311
Coal,TX,2018,TX_PUCT,75899
Coal,TX,2017,TX_PUCT,93488
Coal,TX,2016,TX_PUCT,86130
Coal,TX,2015,TX_PUCT,86779
Coal,TX,2014,TX_PUCT,101658
Coal,TX,2013,TX_PUCT,102487
Coal,TX,2012,TX_PUCT,97595
Coal,TX,2011,TX_PUCT,110426
Natural Gas,TX,2021,TX_PUCT,2095102
Natural Gas,TX,2020,TX_PUCT,2202618
Natural Gas,TX,2019,TX_PUCT,2248020
Natural Gas,TX,2018,TX_PUCT,2116200
Natural Gas,TX,2017,TX_PUCT,1823867
Natural Gas,TX,2016,TX_PUCT,1988039
Natural Gas,TX,2015,TX_PUCT,2085056
Natural Gas,TX,2014,TX_PUCT,1868590
Natural Gas,TX,2013,TX_PUCT,1879069
Natural Gas,TX,2012,TX_PUCT,1966847
Natural Gas,TX,2011,TX_PUCT,1898537
Petroleum,UT,2021,UT_UPSC,68
Petroleum,UT,2020,UT_UPSC,71
Petroleum,UT,2019,UT_UPSC,70
Petroleum,UT,2018,UT_UPSC,64
Petroleum,UT,2017,UT_UPSC,66
Petroleum,UT,2016,UT_UPSC,55
Petroleum,UT,2015,UT_UPSC,36
Petroleum,UT,2014,UT_UPSC,44
Petroleum,UT,2013,UT_UPSC,46
Petroleum,UT,2012,UT_UPSC,71
Petroleum,UT,2011,UT_UPSC,88
Coal,UT,2021,UT_UPSC,12274
Coal,UT,2020,UT_UPSC,10866
Coal,UT,2019,UT_UPSC,11891
Coal,UT,2018,UT_UPSC,12332
Coal,UT,2017,UT_UPSC,12545
Coal,UT,2016,UT_UPSC,12236
Coal,UT,2015,UT_UPSC,14819
Coal,UT,2014,UT_UPSC,15314
Coal,UT,2013,UT_UPSC,15798
Coal,UT,2012,UT_UPSC,14306
Coal,UT,2011,UT_UPSC,15243
Natural Gas,UT,2021,UT_UPSC,83531
Natural Gas,UT,2020,UT_UPSC,75660
Natural Gas,UT,2019,UT_UPSC,76608
Natural Gas,UT,2018,UT_UPSC,70609
Natural Gas,UT,2017,UT_UPSC,51506
Natural Gas,UT,2016,UT_UPSC,69731
Natural Gas,UT,2015,UT_UPSC,67486
Natural Gas,UT,2014,UT_UPSC,68518
Natural Gas,UT,2013,UT_UPSC,58829
Natural Gas,UT,2012,UT_UPSC,56854
Natural Gas,UT,2011,UT_UPSC,42202
Petroleum,VA,2021,VA_VSCC,915
Petroleum,VA,2020,VA_VSCC,674
Petroleum,VA,2019,VA_VSCC,666
Petroleum,VA,2018,VA_VSCC,1891
Petroleum,VA,2017,VA_VSCC,976
Petroleum,VA,2016,VA_VSCC,1013
Petroleum,VA,2015,VA_VSCC,1957
Petroleum,VA,2014,VA_VSCC,2173
Petroleum,VA,2013,VA_VSCC,677
Petroleum,VA,2012,VA_VSCC,774
Petroleum,VA,2011,VA_VSCC,1069
Coal,VA,2021,VA_VSCC,1673
Coal,VA,2020,VA_VSCC,1993
Coal,VA,2019,VA_VSCC,2210
Coal,VA,2018,VA_VSCC,5188
Coal,VA,2017,VA_VSCC,5595
Coal,VA,2016,VA_VSCC,8293
Coal,VA,2015,VA_VSCC,8502
Coal,VA,2014,VA_VSCC,10397
Coal,VA,2013,VA_VSCC,10946
Coal,VA,2012,VA_VSCC,7665
Coal,VA,2011,VA_VSCC,10103
Natural Gas,VA,2021,VA_VSCC,412024
Natural Gas,VA,2020,VA_VSCC,480285
Natural Gas,VA,2019,VA_VSCC,437326
Natural Gas,VA,2018,VA_VSCC,384455
Natural Gas,VA,2017,VA_VSCC,335948
Natural Gas,VA,2016,VA_VSCC,316504
Natural Gas,VA,2015,VA_VSCC,263255
Natural Gas,VA,2014,VA_VSCC,170139
Natural Gas,VA,2013,VA_VSCC,181342
Natural Gas,VA,2012,VA_VSCC,199128
Natural Gas,VA,2011,VA_VSCC,147910
Petroleum,VT,2021,VT_VPUC,11
Petroleum,VT,2020,VT_VPUC,6
Petroleum,VT,2019,VT_VPUC,4
Petroleum,VT,2018,VT_VPUC,12
Petroleum,VT,2017,VT_VPUC,25
Petroleum,VT,2016,VT_VPUC,16
Petroleum,VT,2015,VT_VPUC,20
Petroleum,VT,2014,VT_VPUC,26
Petroleum,VT,2013,VT_VPUC,27
Petroleum,VT,2012,VT_VPUC,22
Petroleum,VT,2011,VT_VPUC,46
Petroleum,WA,2021,WA_WUTC,239
Petroleum,WA,2020,WA_WUTC,146
Petroleum,WA,2019,WA_WUTC,144
Petroleum,WA,2018,WA_WUTC,132
Petroleum,WA,2017,WA_WUTC,122
Petroleum,WA,2016,WA_WUTC,148
Petroleum,WA,2015,WA_WUTC,161
Petroleum,WA,2014,WA_WUTC,155
Petroleum,WA,2013,WA_WUTC,208
Petroleum,WA,2012,WA_WUTC,222
Petroleum,WA,2011,WA_WUTC,368
Coal,WA,2021,WA_WUTC,2198
Coal,WA,2020,WA_WUTC,3558
Coal,WA,2019,WA_WUTC,4883
Coal,WA,2018,WA_WUTC,3702
Coal,WA,2017,WA_WUTC,3701
Coal,WA,2016,WA_WUTC,3171
Coal,WA,2015,WA_WUTC,3504
Coal,WA,2014,WA_WUTC,4593
Coal,WA,2013,WA_WUTC,4525
Coal,WA,2012,WA_WUTC,2603
Coal,WA,2011,WA_WUTC,3518
Natural Gas,WA,2021,WA_WUTC,128792
Natural Gas,WA,2020,WA_WUTC,110004
Natural Gas,WA,2019,WA_WUTC,120143
Natural Gas,WA,2018,WA_WUTC,82953
Natural Gas,WA,2017,WA_WUTC,88596
Natural Gas,WA,2016,WA_WUTC,88989
Natural Gas,WA,2015,WA_WUTC,101508
Natural Gas,WA,2014,WA_WUTC,88613
Natural Gas,WA,2013,WA_WUTC,93284
Natural Gas,WA,2012,WA_WUTC,48560
Natural Gas,WA,2011,WA_WUTC,43960
Petroleum,WV,2021,WV_WVPSC,303
Petroleum,WV,2020,WV_WVPSC,257
Petroleum,WV,2019,WV_WVPSC,230
Petroleum,WV,2018,WV_WVPSC,290
Petroleum,WV,2017,WV_WVPSC,208
Petroleum,WV,2016,WV_WVPSC,216
Petroleum,WV,2015,WV_WVPSC,247
Petroleum,WV,2014,WV_WVPSC,284
Petroleum,WV,2013,WV_WVPSC,270
Petroleum,WV,2012,WV_WVPSC,250
Petroleum,WV,2011,WV_WVPSC,327
Coal,WV,2021,WV_WVPSC,24250
Coal,WV,2020,WV_WVPSC,20590
Coal,WV,2019,WV_WVPSC,23897
Coal,WV,2018,WV_WVPSC,25811
Coal,WV,2017,WV_WVPSC,27988
Coal,WV,2016,WV_WVPSC,29663
Coal,WV,2015,WV_WVPSC,28675
Coal,WV,2014,WV_WVPSC,32356
Coal,WV,2013,WV_WVPSC,30523
Coal,WV,2012,WV_WVPSC,29985
Coal,WV,2011,WV_WVPSC,32411
Natural Gas,WV,2021,WV_WVPSC,26857
Natural Gas,WV,2020,WV_WVPSC,28739
Natural Gas,WV,2019,WV_WVPSC,23663
Natural Gas,WV,2018,WV_WVPSC,17165
Natural Gas,WV,2017,WV_WVPSC,18613
Natural Gas,WV,2016,WV_WVPSC,14459
Natural Gas,WV,2015,WV_WVPSC,13222
Natural Gas,WV,2014,WV_WVPSC,6713
Natural Gas,WV,2013,WV_WVPSC,2841
Natural Gas,WV,2012,WV_WVPSC,4054
Natural Gas,WV,2011,WV_WVPSC,3629
Petroleum,WY,2021,WY_WPSC,117
Petroleum,WY,2020,WY_WPSC,84
Petroleum,WY,2019,WY_WPSC,84
Petroleum,WY,2018,WY_WPSC,78
Petroleum,WY,2017,WY_WPSC,83
Petroleum,WY,2016,WY_WPSC,194
Petroleum,WY,2015,WY_WPSC,88
Petroleum,WY,2014,WY_WPSC,135
Petroleum,WY,2013,WY_WPSC,74
Petroleum,WY,2012,WY_WPSC,131
Petroleum,WY,2011,WY_WPSC,109
Coal,WY,2021,WY_WPSC,21040
Coal,WY,2020,WY_WPSC,21697
Coal,WY,2019,WY_WPSC,22747
Coal,WY,2018,WY_WPSC,25357
Coal,WY,2017,WY_WPSC,25730
Coal,WY,2016,WY_WPSC,25502
Coal,WY,2015,WY_WPSC,27393
Coal,WY,2014,WY_WPSC,27476
Coal,WY,2013,WY_WPSC,29144
Coal,WY,2012,WY_WPSC,27344
Coal,WY,2011,WY_WPSC,26266
Natural Gas,WY,2021,WY_WPSC,19373
Natural Gas,WY,2020,WY_WPSC,19646
Natural Gas,WY,2019,WY_WPSC,16547
Natural Gas,WY,2018,WY_WPSC,16234
Natural Gas,WY,2017,WY_WPSC,14523
Natural Gas,WY,2016,WY_WPSC,13759
Natural Gas,WY,2015,WY_WPSC,12661
Natural Gas,WY,2014,WY_WPSC,10635
Natural Gas,WY,2013,WY_WPSC,10300
Natural Gas,WY,2012,WY_WPSC,10767
Natural Gas,WY,2011,WY_WPSC,9429
Petroleum,WI,2021,WI_PSCW,522
Petroleum,WI,2020,WI_PSCW,58
Petroleum,WI,2019,WI_PSCW,128
Petroleum,WI,2018,WI_PSCW,90
Petroleum,WI,2017,WI_PSCW,79
Petroleum,WI,2016,WI_PSCW,81
Petroleum,WI,2015,WI_PSCW,75
Petroleum,WI,2014,WI_PSCW,168
Petroleum,WI,2013,WI_PSCW,83
Petroleum,WI,2012,WI_PSCW,109
Petroleum,WI,2011,WI_PSCW,92
Coal,WI,2021,WI_PSCW,15746
Coal,WI,2020,WI_PSCW,13688
Coal,WI,2019,WI_PSCW,15275
Coal,WI,2018,WI_PSCW,20117
Coal,WI,2017,WI_PSCW,21582
Coal,WI,2016,WI_PSCW,19647
Coal,WI,2015,WI_PSCW,22432
Coal,WI,2014,WI_PSCW,22255
Coal,WI,2013,WI_PSCW,24795
Coal,WI,2012,WI_PSCW,20389
Coal,WI,2011,WI_PSCW,24120
Natural Gas,WI,2021,WI_PSCW,171354
Natural Gas,WI,2020,WI_PSCW,181710
Natural Gas,WI,2019,WI_PSCW,169283
Natural Gas,WI,2018,WI_PSCW,149188
Natural Gas,WI,2017,WI_PSCW,124010
Natural Gas,WI,2016,WI_PSCW,133804
Natural Gas,WI,2015,WI_PSCW,111281
Natural Gas,WI,2014,WI_PSCW,71638
Natural Gas,WI,2013,WI_PSCW,70738
Natural Gas,WI,2012,WI_PSCW,96676
Natural Gas,WI,2011,WI_PSCW,54271
