group_id,regulatory_id,in_year,electricity_usage_megawatts,unit_price_centsperkwh
AK_RS,AK_RCA,2021,292451,22.55
AL_RS,AL_APSC,2021,2308226,12.96
AR_RS,AR_APSC,2021,1436246,11.27
AZ_RS,AZ_ACC,2021,2953823,12.54
CA_RS,CA_APUC,2021,13883994,22.82
CO_RS,CO_CPUC,2021,2443109,13.07
CT_RS,CT_PURA,2021,1530251,21.91
DC_RS,DC_DCPSC,2021,298337,13.09
DE_RS,DE_DPSC,2021,453758,12.52
FL_RS,FL_FPSC,2021,9917113,11.9
GA_RS,GA_GPSC,2021,4560653,12.51
HI_RS,HI_HPUC,2021,443535,33.49
IA_RS,IA_IUB,2021,1417424,12.73
ID_RS,ID_IURC,2021,806421,10.16
IL_RS,IL_ICC,2021,5361717,13.18
IN_RS,IN_IURC,2021,2948803,13.37
KS_RS,KS_KCC,2021,1289344,12.98
KY_RS,KY_KPSC,2021,2032575,11.5
LA_RS,LA_LPSC,2021,2126155,11.02
MA_RS,MA_MDPU,2021,2840311,22.89
MD_RS,MD_MPSC,2021,2395954,13.12
ME_RS,ME_MPUC,2021,722038,17.02
MI_RS,MI_MPSC,2021,4458038,17.54
MN_RS,MN_MPUC,2021,2496406,13.5
MO_RS,MO_MPSC,2021,2861933,11.42
MS_RS,MS_MPSC,2021,1321576,11.56
MT_RS,MT_MPSC,2021,531398,11.22
NC_RS,NC_NCUC,2021,4774592,11.32
ND_RS,ND_NDPSC,2021,391340,10.85
NE_RS,NE_NPSC,2021,869656,10.75
NH_RS,NH_NHPUC,2021,638267,19.85
NJ_RS,NJ_NJBPU,2021,3648914,16.35
NM_RS,NM_NMPRC,2021,914495,13.52
NV_RS,NV_PUCN,2021,1249392,11.49
NY_RS,NY_NYSPSC,2021,7256212,19.48
OH_RS,OH_PHCO,2021,5041904,12.77
OK_RS,OK_OCC,2021,1818813,11
OR_RS,OR_OR,2021,1805684,11.37
PA_RS,PA_OPUC,2021,5477367,13.76
RI_RS,RI_RIDPUC,2021,446320,22.3
SC_RS,SC_SCPSC,2021,2426703,12.86
SD_RS,SD_SDPUC,2021,412657,12.22
TN_RS,TN_TPUC,2021,3016642,11.07
TX_RS,TX_PUCT,2021,11815251,12.11
UT_RS,UT_UPSC,2021,1176949,10.43
VA_RS,VA_VSCC,2021,3551532,11.96
VT_RS,VT_VPUC,2021,319444,19.26
WA_RS,WA_WUTC,2021,3220813,10.11
WI_RS,WI_PSCW,2021,2761990,14.52
WV_RS,WV_WVPSC,2021,863647,12.15
WY_RS,WY_WPSC,2021,278599,11.17
AK_CM,AK_RCA,2021,2558649,19.61
AL_CM,AL_APSC,2021,21844283,11.84
AR_CM,AR_APSC,2021,11516908,9.56
AZ_CM,AZ_ACC,2021,29990064,10.33
CA_CM,CA_APUC,2021,108761594,19.18
CO_CM,CO_CPUC,2021,20584470,10.84
CT_CM,CT_PURA,2021,11701168,16.46
DC_CM,DC_DCPSC,2021,7043709,13
DE_CM,DE_DPSC,2021,4196263,9.48
FL_CM,FL_FPSC,2021,93965070,9.51
GA_CM,GA_GPSC,2021,45777026,10.61
HI_CM,HI_HPUC,2021,2784538,30.88
IA_CM,IA_IUB,2021,12135097,10.17
ID_CM,ID_IURC,2021,6600296,7.89
IL_CM,IL_ICC,2021,46923210,9.65
IN_CM,IN_IURC,2021,22920929,11.58
KS_CM,KS_KCC,2021,15356451,10.52
KY_CM,KY_KPSC,2021,18685936,10.75
LA_CM,LA_LPSC,2021,22459648,10.23
MA_CM,MA_MDPU,2021,23832465,16.99
MD_CM,MD_MPSC,2021,27437050,10.26
ME_CM,ME_MPUC,2021,3948896,12.9
MI_CM,MI_MPSC,2021,36860868,12.31
MN_CM,MN_MPUC,2021,22093189,11.22
MO_CM,MO_MPSC,2021,28987412,9.17
MS_CM,MS_MPSC,2021,13676163,10.81
MT_CM,MT_MPSC,2021,4906132,10.54
NC_CM,NC_NCUC,2021,47714832,8.5
ND_CM,ND_NDPSC,2021,6808316,9.17
NE_CM,NE_NPSC,2021,9260421,8.81
NH_CM,NH_NHPUC,2021,4106692,16.13
NJ_CM,NJ_NJBPU,2021,36137241,12.69
NM_CM,NM_NMPRC,2021,8655826,10.8
NV_CM,NV_PUCN,2021,12293815,7.77
NY_CM,NY_NYSPSC,2021,69920488,16.07
OH_CM,OH_PHCO,2021,44980452,9.75
OK_CM,OK_OCC,2021,19999312,8.7
OR_CM,OR_OR,2021,16508755,9.11
PA_CM,PA_OPUC,2021,36988112,8.91
RI_CM,RI_RIDPUC,2021,3604518,15.51
SC_CM,SC_SCPSC,2021,21114323,10.67
SD_CM,SD_SDPUC,2021,4791689,10.15
TN_CM,TN_TPUC,2021,34863397,10.87
TX_CM,TX_PUCT,2021,147843231,8.72
UT_CM,UT_UPSC,2021,12206510,8.13
VA_CM,VA_VSCC,2021,58723978,7.79
VT_CM,VT_VPUC,2021,1867111,16.59
WA_CM,WA_WUTC,2021,28637381,9.14
WI_CM,WI_PSCW,2021,23266013,10.95
WV_CM,WV_WVPSC,2021,7156304,9.5
WY_CM,WY_WPSC,2021,3443297,9.68
AK_IS,AK_RCA,2021,1326779,16.85
AL_IS,AL_APSC,2021,32155730,6.33
AR_IS,AR_APSC,2021,18228014,6.57
AZ_IS,AZ_ACC,2021,14089072,6.79
CA_IS,CA_APUC,2021,47583329,14.82
CO_IS,CO_CPUC,2021,15053158,8.01
CT_IS,CT_PURA,2021,2799194,9.63
DC_IS,DC_DCPSC,2021,239501,7.87
DE_IS,DE_DPSC,2021,2113012,7.6
FL_IS,FL_FPSC,2021,17112564,7.65
GA_IS,GA_GPSC,2021,32758986,6.49
HI_IS,HI_HPUC,2021,3326862,27.12
IA_IS,IA_IUB,2021,26106417,6.63
ID_IS,ID_IURC,2021,9384477,6.39
IL_IS,IL_ICC,2021,41498024,7.3
IN_IS,IN_IURC,2021,43329491,7.39
KS_IS,KS_KCC,2021,11365925,7.38
KY_IS,KY_KPSC,2021,29396679,5.95
LA_IS,LA_LPSC,2021,37941990,6.21
MA_IS,MA_MDPU,2021,6345834,15.18
MD_IS,MD_MPSC,2021,3480392,8.46
ME_IS,ME_MPUC,2021,2573512,9.55
MI_IS,MI_MPSC,2021,27081082,7.69
MN_IS,MN_MPUC,2021,21227196,8.29
MO_IS,MO_MPSC,2021,13086588,7.11
MS_IS,MS_MPSC,2021,15769265,5.95
MT_IS,MT_MPSC,2021,4495983,6.24
NC_IS,NC_NCUC,2021,27049367,6.14
ND_IS,ND_NDPSC,2021,11166390,7.37
NE_IS,NE_NPSC,2021,12588380,7.26
NH_IS,NH_NHPUC,2021,1928665,13.81
NJ_IS,NJ_NJBPU,2021,6593424,10.7
NM_IS,NM_NMPRC,2021,9649559,6.16
NV_IS,NV_PUCN,2021,12359543,6.02
NY_IS,NY_NYSPSC,2021,16891152,6.34
OH_IS,OH_PHCO,2021,49529406,6.55
OK_IS,OK_OCC,2021,20779958,5.5
OR_IS,OR_OR,2021,17318508,5.97
PA_IS,PA_OPUC,2021,49999765,6.54
RI_IS,RI_RIDPUC,2021,643779,16.06
SC_IS,SC_SCPSC,2021,27292017,6.07
SD_IS,SD_SDPUC,2021,3205738,8.02
TN_IS,TN_TPUC,2021,21917298,5.51
TX_IS,TX_PUCT,2021,132529561,6.12
UT_IS,UT_UPSC,2021,9471737,6.19
VA_IS,VA_VSCC,2021,19712199,6.49
VT_IS,VT_VPUC,2021,1371096,11.38
WA_IS,WA_WUTC,2021,21436480,5.81
WI_IS,WI_PSCW,2021,23295516,7.63
WV_IS,WV_WVPSC,2021,14570979,6.07
WY_IS,WY_WPSC,2021,9443917,6.83
AK_TP,AK_RCA,2021,0,0
AL_TP,AL_APSC,2021,0,0
AR_TP,AR_APSC,2021,205,13.56
AZ_TP,AZ_ACC,2021,10515,9.33
CA_TP,CA_APUC,2021,620799,11.79
CO_TP,CO_CPUC,2021,88576,9.44
CT_TP,CT_PURA,2021,145116,12.5
DC_TP,DC_DCPSC,2021,272113,9.76
DE_TP,DE_DPSC,2021,0,0
FL_TP,FL_FPSC,2021,71984,8.31
GA_TP,GA_GPSC,2021,142978,6.61
HI_TP,HI_HPUC,2021,0,0
IA_TP,IA_IUB,2021,0,0
ID_TP,ID_IURC,2021,0,0
IL_TP,IL_ICC,2021,454531,6.42
IN_TP,IN_IURC,2021,17656,10.05
KS_TP,KS_KCC,2021,0,0
KY_TP,KY_KPSC,2021,0,0
LA_TP,LA_LPSC,2021,9484,10.77
MA_TP,MA_MDPU,2021,314820,6.51
MD_TP,MD_MPSC,2021,421987,7.58
ME_TP,ME_MPUC,2021,0,0
MI_TP,MI_MPSC,2021,3231,12.3
MN_TP,MN_MPUC,2021,22728,10.38
MO_TP,MO_MPSC,2021,20632,8.23
MS_TP,MS_MPSC,2021,0,0
MT_TP,MT_MPSC,2021,0,0
NC_TP,NC_NCUC,2021,14194,7.85
ND_TP,ND_NDPSC,2021,0,0
NE_TP,NE_NPSC,2021,0,0
NH_TP,NH_NHPUC,2021,0,0
NJ_TP,NJ_NJBPU,2021,249430,9.24
NM_TP,NM_NMPRC,2021,0,0
NV_TP,NV_PUCN,2021,5327,7.72
NY_TP,NY_NYSPSC,2021,2455256,12.67
OH_TP,OH_PHCO,2021,36814,7.41
OK_TP,OK_OCC,2021,0,0
OR_TP,OR_OR,2021,22596,9.71
PA_TP,PA_OPUC,2021,407101,6.84
RI_TP,RI_RIDPUC,2021,18174,19.75
SC_TP,SC_SCPSC,2021,0,0
SD_TP,SD_SDPUC,2021,0,0
TN_TP,TN_TPUC,2021,0,0
TX_TP,TX_PUCT,2021,179950,6.59
UT_TP,UT_UPSC,2021,48965,11.21
VA_TP,VA_VSCC,2021,174608,8.49
VT_TP,VT_VPUC,2021,0,0
WA_TP,WA_WUTC,2021,103574,9.89
WI_TP,WI_PSCW,2021,1039,15.12
WV_TP,WV_WVPSC,2021,0,0
WY_TP,WY_WPSC,2021,0,0
AK_RS,AK_RCA,2020,2089046,22.57
AL_RS,AL_APSC,2020,31331041,12.58
AR_RS,AR_APSC,2020,17980206,10.41
AZ_RS,AZ_ACC,2020,38707416,12.27
CA_RS,CA_APUC,2020,94934563,20.45
CO_RS,CO_CPUC,2020,20482502,12.36
CT_RS,CT_PURA,2020,12981839,22.71
DC_RS,DC_DCPSC,2020,2452589,12.63
DE_RS,DE_DPSC,2020,4991134,12.56
FL_RS,FL_FPSC,2020,133298869,11.27
GA_RS,GA_GPSC,2020,58220280,12.02
HI_RS,HI_HPUC,2020,2849114,30.28
IA_RS,IA_IUB,2020,14567483,12.46
ID_RS,ID_IURC,2020,8970751,9.95
IL_RS,IL_ICC,2020,46170538,13.04
IN_RS,IN_IURC,2020,32878355,12.83
KS_RS,KS_KCC,2020,13592444,12.85
KY_RS,KY_KPSC,2020,25935096,10.87
LA_RS,LA_LPSC,2020,30440746,9.67
MA_RS,MA_MDPU,2020,20345178,21.97
MD_RS,MD_MPSC,2020,27306375,13.01
ME_RS,ME_MPUC,2020,4905263,16.81
MI_RS,MI_MPSC,2020,35862912,16.26
MN_RS,MN_MPUC,2020,22935672,13.17
MO_RS,MO_MPSC,2020,34950370,11.22
MS_RS,MS_MPSC,2020,17994833,11.17
MT_RS,MT_MPSC,2020,5379965,11.24
NC_RS,NC_NCUC,2020,58641572,11.38
ND_RS,ND_NDPSC,2020,5046551,10.44
NE_RS,NE_NPSC,2020,10514944,10.8
NH_RS,NH_NHPUC,2020,4790374,19.04
NJ_RS,NJ_NJBPU,2020,29676857,16.03
NM_RS,NM_NMPRC,2020,7282079,12.94
NV_RS,NV_PUCN,2020,14321607,11.34
NY_RS,NY_NYSPSC,2020,52257144,18.36
OH_RS,OH_PHCO,2020,52552770,12.29
OK_RS,OK_OCC,2020,23232473,10.12
OR_RS,OR_OR,2020,19628011,11.17
PA_RS,PA_OPUC,2020,55307093,13.58
RI_RS,RI_RIDPUC,2020,3148021,22.01
SC_RS,SC_SCPSC,2020,30826017,12.78
SD_RS,SD_SDPUC,2020,5070024,11.75
TN_RS,TN_TPUC,2020,41084911,10.76
TX_RS,TX_PUCT,2020,156414819,11.71
UT_RS,UT_UPSC,2020,10546793,10.44
VA_RS,VA_VSCC,2020,46088846,12.03
VT_RS,VT_VPUC,2020,2157001,19.54
WA_RS,WA_WUTC,2020,36858798,9.87
WI_RS,WI_PSCW,2020,22846734,14.32
WV_RS,WV_WVPSC,2020,10877499,11.8
WY_RS,WY_WPSC,2020,2879528,11.11
AK_CM,AK_RCA,2020,2524116,19.58
AL_CM,AL_APSC,2020,21307775,11.55
AR_CM,AR_APSC,2020,11110416,8.61
AZ_CM,AZ_ACC,2020,29128178,10.11
CA_CM,CA_APUC,2020,107006347,17.53
CO_CM,CO_CPUC,2020,20042218,10.29
CT_CM,CT_PURA,2020,11145896,16.58
DC_CM,DC_DCPSC,2020,6814560,11.85
DE_CM,DE_DPSC,2020,4082497,9.18
FL_CM,FL_FPSC,2020,92493736,8.85
GA_CM,GA_GPSC,2020,44301529,10.08
HI_CM,HI_HPUC,2020,2684301,28.41
IA_CM,IA_IUB,2020,11605738,9.96
ID_CM,ID_IURC,2020,6309927,7.75
IL_CM,IL_ICC,2020,45486577,9.15
IN_CM,IN_IURC,2020,21996478,11.21
KS_CM,KS_KCC,2020,14843319,10.4
KY_CM,KY_KPSC,2020,18061357,10.34
LA_CM,LA_LPSC,2020,22398708,8.85
MA_CM,MA_MDPU,2020,23120500,16.03
MD_CM,MD_MPSC,2020,26451864,9.72
ME_CM,ME_MPUC,2020,3815653,12.56
MI_CM,MI_MPSC,2020,35490797,11.71
MN_CM,MN_MPUC,2020,21526677,10.43
MO_CM,MO_MPSC,2020,27931047,8.93
MS_CM,MS_MPSC,2020,13185143,10.38
MT_CM,MT_MPSC,2020,4702353,10.51
NC_CM,NC_NCUC,2020,45905051,8.69
ND_CM,ND_NDPSC,2020,6641700,9.02
NE_CM,NE_NPSC,2020,9090239,8.89
NH_CM,NH_NHPUC,2020,4029709,15.41
NJ_CM,NJ_NJBPU,2020,35315617,12.35
NM_CM,NM_NMPRC,2020,8406884,10.28
NV_CM,NV_PUCN,2020,11983740,7.45
NY_CM,NY_NYSPSC,2020,68988817,14.56
OH_CM,OH_PHCO,2020,43204165,9.53
OK_CM,OK_OCC,2020,18698988,7.82
OR_CM,OR_OR,2020,15748914,9
PA_CM,PA_OPUC,2020,35381006,8.5
RI_CM,RI_RIDPUC,2020,3551262,15.94
SC_CM,SC_SCPSC,2020,20834372,10.35
SD_CM,SD_SDPUC,2020,4696475,9.65
TN_CM,TN_TPUC,2020,33480189,10.56
TX_CM,TX_PUCT,2020,145167577,7.6
UT_CM,UT_UPSC,2020,11395032,8.27
VA_CM,VA_VSCC,2020,53526846,7.63
VT_CM,VT_VPUC,2020,1805738,16.39
WA_CM,WA_WUTC,2020,27307412,8.92
WI_CM,WI_PSCW,2020,22436275,10.75
WV_CM,WV_WVPSC,2020,6955844,9.4
WY_CM,WY_WPSC,2020,3320024,9.65
AK_IS,AK_RCA,2020,207206,15.88
AL_IS,AL_APSC,2020,1806524,5.87
AR_IS,AR_APSC,2020,987435,5.89
AZ_IS,AZ_ACC,2020,856644,6.07
CA_IS,CA_APUC,2020,6797215,14.27
CO_IS,CO_CPUC,2020,1154897,7.48
CT_IS,CT_PURA,2020,373836,13.07
DC_IS,DC_DCPSC,2020,14881,7.99
DE_IS,DE_DPSC,2020,137784,6.7
FL_IS,FL_FPSC,2020,1185729,7.15
GA_IS,GA_GPSC,2020,1777389,5.77
HI_IS,HI_HPUC,2020,797940,24.45
IA_IS,IA_IUB,2020,1572418,6.43
ID_IS,ID_IURC,2020,571938,6.23
IL_IS,IL_ICC,2020,2703056,6.7
IN_IS,IN_IURC,2020,2949718,6.98
KS_IS,KS_KCC,2020,806298,7.3
KY_IS,KY_KPSC,2020,1477126,5.31
LA_IS,LA_LPSC,2020,1770445,4.88
MA_IS,MA_MDPU,2020,902346,14.51
MD_IS,MD_MPSC,2020,264111,7.81
ME_IS,ME_MPUC,2020,232770,8.86
MI_IS,MI_MPSC,2020,1858134,7.24
MN_IS,MN_MPUC,2020,1501592,7.67
MO_IS,MO_MPSC,2020,877402,6.84
MS_IS,MS_MPSC,2020,862202,5.63
MT_IS,MT_MPSC,2020,232985,5.18
NC_IS,NC_NCUC,2020,1630155,6.31
ND_IS,ND_NDPSC,2020,735791,7.26
NE_IS,NE_NPSC,2020,853740,7.38
NH_IS,NH_NHPUC,2020,245652,13.11
NJ_IS,NJ_NJBPU,2020,674041,10.01
NM_IS,NM_NMPRC,2020,507044,5.58
NV_IS,NV_PUCN,2020,669293,5.61
NY_IS,NY_NYSPSC,2020,920958,5.54
OH_IS,OH_PHCO,2020,2884078,6.16
OK_IS,OK_OCC,2020,938950,4.61
OR_IS,OR_OR,2020,889561,5.7
PA_IS,PA_OPUC,2020,2994347,6.16
RI_IS,RI_RIDPUC,2020,100013,15.76
SC_IS,SC_SCPSC,2020,1499264,5.98
SD_IS,SD_SDPUC,2020,228209,7.79
TN_IS,TN_TPUC,2020,1089955,5.33
TX_IS,TX_PUCT,2020,6341506,5.07
UT_IS,UT_UPSC,2020,570991,5.9
VA_IS,VA_VSCC,2020,1096748,6.28
VT_IS,VT_VPUC,2020,153298,11.2
WA_IS,WA_WUTC,2020,1140241,5.08
WI_IS,WI_PSCW,2020,1615656,7.29
WV_IS,WV_WVPSC,2020,867943,6.09
WY_IS,WY_WPSC,2020,628104,6.88
AK_TP,AK_RCA,2020,0,0
AL_TP,AL_APSC,2020,0,0
AR_TP,AR_APSC,2020,199,13.32
AZ_TP,AZ_ACC,2020,11341,9.38
CA_TP,CA_APUC,2020,602880,10.07
CO_TP,CO_CPUC,2020,94079,8.64
CT_TP,CT_PURA,2020,125647,13.34
DC_TP,DC_DCPSC,2020,332282,9.6
DE_TP,DE_DPSC,2020,0,0
FL_TP,FL_FPSC,2020,74612,7.69
GA_TP,GA_GPSC,2020,140609,5.39
HI_TP,HI_HPUC,2020,0,0
IA_TP,IA_IUB,2020,0,0
ID_TP,ID_IURC,2020,0,0
IL_TP,IL_ICC,2020,449958,6.56
IN_TP,IN_IURC,2020,18001,10.21
KS_TP,KS_KCC,2020,0,0
KY_TP,KY_KPSC,2020,0,0
LA_TP,LA_LPSC,2020,10814,8.77
MA_TP,MA_MDPU,2020,323287,6.24
MD_TP,MD_MPSC,2020,488906,7.79
ME_TP,ME_MPUC,2020,0,0
MI_TP,MI_MPSC,2020,4116,11.39
MN_TP,MN_MPUC,2020,20410,9.4
MO_TP,MO_MPSC,2020,20463,7.84
MS_TP,MS_MPSC,2020,0,0
MT_TP,MT_MPSC,2020,0,0
NC_TP,NC_NCUC,2020,16124,7.67
ND_TP,ND_NDPSC,2020,0,0
NE_TP,NE_NPSC,2020,0,0
NH_TP,NH_NHPUC,2020,0,0
NJ_TP,NJ_NJBPU,2020,270370,9.19
NM_TP,NM_NMPRC,2020,0,0
NV_TP,NV_PUCN,2020,3960,8.84
NY_TP,NY_NYSPSC,2020,2550214,12.14
OH_TP,OH_PHCO,2020,34899,6.71
OK_TP,OK_OCC,2020,0,0
OR_TP,OR_OR,2020,25606,9.46
PA_TP,PA_OPUC,2020,425435,8.58
RI_TP,RI_RIDPUC,2020,17566,22.23
SC_TP,SC_SCPSC,2020,0,0
SD_TP,SD_SDPUC,2020,0,0
TN_TP,TN_TPUC,2020,0,0
TX_TP,TX_PUCT,2020,173662,6.52
UT_TP,UT_UPSC,2020,49213,10.69
VA_TP,VA_VSCC,2020,164460,8.77
VT_TP,VT_VPUC,2020,0,0
WA_TP,WA_WUTC,2020,97748,9.93
WI_TP,WI_PSCW,2020,963,14.64
WV_TP,WV_WVPSC,2020,0,0
WY_TP,WY_WPSC,2020,0,0
AK_RS,AK_RCA,2019,1928208,22.92
AL_RS,AL_APSC,2019,32415646,12.53
AR_RS,AR_APSC,2019,18732316,9.8
AZ_RS,AZ_ACC,2019,34720050,12.43
CA_RS,CA_APUC,2019,87523987,19.15
CO_RS,CO_CPUC,2019,19404743,12.18
CT_RS,CT_PURA,2019,12493550,21.87
DC_RS,DC_DCPSC,2019,2546920,12.98
DE_RS,DE_DPSC,2019,5004131,12.55
FL_RS,FL_FPSC,2019,127181551,11.7
GA_RS,GA_GPSC,2019,59331491,11.76
HI_RS,HI_HPUC,2019,2759774,32.06
IA_RS,IA_IUB,2019,14494821,12.46
ID_RS,ID_IURC,2019,8696843,9.89
IL_RS,IL_ICC,2019,45220258,13.03
IN_RS,IN_IURC,2019,33249234,12.58
KS_RS,KS_KCC,2019,13630661,12.71
KY_RS,KY_KPSC,2019,26573076,10.8
LA_RS,LA_LPSC,2019,30986024,9.8
MA_RS,MA_MDPU,2019,19314571,21.92
MD_RS,MD_MPSC,2019,27533693,13.12
ME_RS,ME_MPUC,2019,4793809,17.89
MI_RS,MI_MPSC,2019,33495725,15.74
MN_RS,MN_MPUC,2019,22288152,13.04
MO_RS,MO_MPSC,2019,35691426,11.14
MS_RS,MS_MPSC,2019,18717858,11.27
MT_RS,MT_MPSC,2019,5308103,11.13
NC_RS,NC_NCUC,2019,59852793,11.42
ND_RS,ND_NDPSC,2019,5125431,10.3
NE_RS,NE_NPSC,2019,10307905,10.77
NH_RS,NH_NHPUC,2019,4506830,20.05
NJ_RS,NJ_NJBPU,2019,28612555,15.85
NM_RS,NM_NMPRC,2019,6871561,12.51
NV_RS,NV_PUCN,2019,12867637,12
NY_RS,NY_NYSPSC,2019,50141003,17.94
OH_RS,OH_PHCO,2019,52226097,12.38
OK_RS,OK_OCC,2019,23805972,10.21
OR_RS,OR_OR,2019,19286182,11.01
PA_RS,PA_OPUC,2019,54396182,13.8
RI_RS,RI_RIDPUC,2019,2983012,21.73
SC_RS,SC_SCPSC,2019,31159957,12.99
SD_RS,SD_SDPUC,2019,5057032,11.55
TN_RS,TN_TPUC,2019,42573183,10.87
TX_RS,TX_PUCT,2019,155481342,11.76
UT_RS,UT_UPSC,2019,9739525,10.4
VA_RS,VA_VSCC,2019,46666163,12.07
VT_RS,VT_VPUC,2019,2081545,17.71
WA_RS,WA_WUTC,2019,36512424,9.71
WI_RS,WI_PSCW,2019,21995360,14.18
WV_RS,WV_WVPSC,2019,11153219,11.25
WY_RS,WY_WPSC,2019,2849378,11.18
AK_CM,AK_RCA,2019,2638846,19.8
AL_CM,AL_APSC,2019,23076470,11.52
AR_CM,AR_APSC,2019,11948689,8.78
AZ_CM,AZ_ACC,2019,29415272,10.25
CA_CM,CA_APUC,2019,114279373,16.67
CO_CM,CO_CPUC,2019,21111259,10.43
CT_CM,CT_PURA,2019,12157788,16.75
DC_CM,DC_DCPSC,2019,7952305,12.26
DE_CM,DE_DPSC,2019,4421465,9.53
FL_CM,FL_FPSC,2019,96566532,9.27
GA_CM,GA_GPSC,2019,47411823,10.02
HI_CM,HI_HPUC,2019,3057866,29.23
IA_CM,IA_IUB,2019,12309610,9.99
ID_CM,ID_IURC,2019,6440943,7.67
IL_CM,IL_ICC,2019,49278746,9.08
IN_CM,IN_IURC,2019,23517681,11.03
KS_CM,KS_KCC,2019,15916325,10.29
KY_CM,KY_KPSC,2019,19611510,10.15
LA_CM,LA_LPSC,2019,24284298,8.91
MA_CM,MA_MDPU,2019,25336834,16.8
MD_CM,MD_MPSC,2019,28893335,9.97
ME_CM,ME_MPUC,2019,4148305,12.83
MI_CM,MI_MPSC,2019,37860783,11.39
MN_CM,MN_MPUC,2019,22904299,10.34
MO_CM,MO_MPSC,2019,30133114,9.07
MS_CM,MS_MPSC,2019,14238982,10.52
MT_CM,MT_MPSC,2019,4956080,10.41
NC_CM,NC_NCUC,2019,49173038,8.81
ND_CM,ND_NDPSC,2019,7035031,9.01
NE_CM,NE_NPSC,2019,9456725,8.85
NH_CM,NH_NHPUC,2019,4280854,15.93
NJ_CM,NJ_NJBPU,2019,38012684,12.23
NM_CM,NM_NMPRC,2019,9028861,9.79
NV_CM,NV_PUCN,2019,11681186,8.04
NY_CM,NY_NYSPSC,2019,75090820,14.06
OH_CM,OH_PHCO,2019,46008937,9.72
OK_CM,OK_OCC,2019,20085991,7.98
OR_CM,OR_OR,2019,16422975,8.85
PA_CM,PA_OPUC,2019,40142710,8.71
RI_CM,RI_RIDPUC,2019,3644482,16.38
SC_CM,SC_SCPSC,2019,22168328,10.58
SD_CM,SD_SDPUC,2019,4888034,9.59
TN_CM,TN_TPUC,2019,36151394,10.65
TX_CM,TX_PUCT,2019,142001524,8.06
UT_CM,UT_UPSC,2019,11860449,8.26
VA_CM,VA_VSCC,2019,53981176,8.18
VT_CM,VT_VPUC,2019,1934464,15.98
WA_CM,WA_WUTC,2019,29269638,8.75
WI_CM,WI_PSCW,2019,23546114,10.72
WV_CM,WV_WVPSC,2019,7567130,9.16
WY_CM,WY_WPSC,2019,3575477,9.64
AK_IS,AK_RCA,2019,1251751,16.94
AL_IS,AL_APSC,2019,32602996,5.95
AR_IS,AR_APSC,2019,17411611,6.13
AZ_IS,AZ_ACC,2019,13782704,6.28
CA_IS,CA_APUC,2019,47807729,13.4
CO_IS,CO_CPUC,2019,15891020,7.4
CT_IS,CT_PURA,2019,3071792,13.44
DC_IS,DC_DCPSC,2019,179632,8.22
DE_IS,DE_DPSC,2019,2043826,7.7
FL_IS,FL_FPSC,2019,16514482,7.65
GA_IS,GA_GPSC,2019,32393384,6.17
HI_IS,HI_HPUC,2019,3635247,25.76
IA_IS,IA_IUB,2019,24238717,6.6
ID_IS,ID_IURC,2019,8847489,6.08
IL_IS,IL_ICC,2019,43250445,6.52
IN_IS,IN_IURC,2019,45316682,7.36
KS_IS,KS_KCC,2019,11612642,7.35
KY_IS,KY_KPSC,2019,29160796,5.57
LA_IS,LA_LPSC,2019,37846317,5.23
MA_IS,MA_MDPU,2019,6341699,14.76
MD_IS,MD_MPSC,2019,3718412,7.8
ME_IS,ME_MPUC,2019,2789926,9.22
MI_IS,MI_MPSC,2019,29886432,7.07
MN_IS,MN_MPUC,2019,21748034,7.53
MO_IS,MO_MPSC,2019,13009718,7.11
MS_IS,MS_MPSC,2019,15994186,5.85
MT_IS,MT_MPSC,2019,5057088,5.45
NC_IS,NC_NCUC,2019,27391009,6.3
ND_IS,ND_NDPSC,2019,9398793,7.94
NE_IS,NE_NPSC,2019,10618560,7.65
NH_IS,NH_NHPUC,2019,1923973,13.09
NJ_IS,NJ_NJBPU,2019,6990063,10.16
NM_IS,NM_NMPRC,2019,8979712,5.48
NV_IS,NV_PUCN,2019,12425536,6.14
NY_IS,NY_NYSPSC,2019,17548457,5.61
OH_IS,OH_PHCO,2019,50249178,6.55
OK_IS,OK_OCC,2019,20903983,5.07
OR_IS,OR_OR,2019,14668288,5.86
PA_IS,PA_OPUC,2019,50422724,6.41
RI_IS,RI_RIDPUC,2019,695416,15.59
SC_IS,SC_SCPSC,2019,26877335,6.11
SD_IS,SD_SDPUC,2019,2923865,7.81
TN_IS,TN_TPUC,2019,21104523,5.68
TX_IS,TX_PUCT,2019,131673922,5.45
UT_IS,UT_UPSC,2019,9490843,5.98
VA_IS,VA_VSCC,2019,17598247,6.85
VT_IS,VT_VPUC,2019,1411655,11.05
WA_IS,WA_WUTC,2019,25171873,4.8
WI_IS,WI_PSCW,2019,23614832,7.31
WV_IS,WV_WVPSC,2019,14526664,6.02
WY_IS,WY_WPSC,2019,10338641,6.73
AK_TP,AK_RCA,2019,0,0
AL_TP,AL_APSC,2019,0,0
AR_TP,AR_APSC,2019,416,11.73
AZ_TP,AZ_ACC,2019,11144,9.68
CA_TP,CA_APUC,2019,767621,8.91
CO_TP,CO_CPUC,2019,113801,8.7
CT_TP,CT_PURA,2019,176866,13.69
DC_TP,DC_DCPSC,2019,349546,9.5
DE_TP,DE_DPSC,2019,0,0
FL_TP,FL_FPSC,2019,85390,8.32
GA_TP,GA_GPSC,2019,164292,5.85
HI_TP,HI_HPUC,2019,0,0
IA_TP,IA_IUB,2019,0,0
ID_TP,ID_IURC,2019,0,0
IL_TP,IL_ICC,2019,570032,6.91
IN_TP,IN_IURC,2019,20606,10.76
KS_TP,KS_KCC,2019,0,0
KY_TP,KY_KPSC,2019,0,0
LA_TP,LA_LPSC,2019,11886,9.08
MA_TP,MA_MDPU,2019,343494,6.15
MD_TP,MD_MPSC,2019,575218,7.37
ME_TP,ME_MPUC,2019,0,0
MI_TP,MI_MPSC,2019,6353,10.56
MN_TP,MN_MPUC,2019,25109,9.49
MO_TP,MO_MPSC,2019,23517,7.89
MS_TP,MS_MPSC,2019,0,0
MT_TP,MT_MPSC,2019,0,0
NC_TP,NC_NCUC,2019,18691,8.2
ND_TP,ND_NDPSC,2019,0,0
NE_TP,NE_NPSC,2019,0,0
NH_TP,NH_NHPUC,2019,0,0
NJ_TP,NJ_NJBPU,2019,301402,8.8
NM_TP,NM_NMPRC,2019,0,0
NV_TP,NV_PUCN,2019,8027,8.51
NY_TP,NY_NYSPSC,2019,2820065,12.28
OH_TP,OH_PHCO,2019,37708,6.83
OK_TP,OK_OCC,2019,0,0
OR_TP,OR_OR,2019,26941,9.14
PA_TP,PA_OPUC,2019,618767,7.26
RI_TP,RI_RIDPUC,2019,27005,18.49
SC_TP,SC_SCPSC,2019,0,0
SD_TP,SD_SDPUC,2019,0,0
TN_TP,TN_TPUC,2019,0,0
TX_TP,TX_PUCT,2019,186616,6.44
UT_TP,UT_UPSC,2019,51748,10.62
VA_TP,VA_VSCC,2019,189794,8.27
VT_TP,VT_VPUC,2019,0,0
WA_TP,WA_WUTC,2019,98861,9.45
WI_TP,WI_PSCW,2019,1234,13.85
WV_TP,WV_WVPSC,2019,0,0
WY_TP,WY_WPSC,2019,0,0
AK_RS,AK_RCA,2018,1974906,21.94
AL_RS,AL_APSC,2018,33080380,12.18
AR_RS,AR_APSC,2018,19259204,9.81
AZ_RS,AZ_ACC,2018,34660297,12.77
CA_RS,CA_APUC,2018,89099985,18.84
CO_RS,CO_CPUC,2018,19286952,12.15
CT_RS,CT_PURA,2018,13061372,21.2
DC_RS,DC_DCPSC,2018,2592242,12.84
DE_RS,DE_DPSC,2018,5070175,12.53
FL_RS,FL_FPSC,2018,125528047,11.54
GA_RS,GA_GPSC,2018,59689106,11.47
HI_RS,HI_HPUC,2018,2710698,32.47
IA_RS,IA_IUB,2018,14840349,12.24
ID_RS,ID_IURC,2018,8427578,10.15
IL_RS,IL_ICC,2018,47225915,12.77
IN_RS,IN_IURC,2018,34574664,12.26
KS_RS,KS_KCC,2018,14187192,13.35
KY_RS,KY_KPSC,2018,27712722,10.6
LA_RS,LA_LPSC,2018,32065538,9.59
MA_RS,MA_MDPU,2018,20284674,21.61
MD_RS,MD_MPSC,2018,28138474,13.3
ME_RS,ME_MPUC,2018,4872001,16.84
MI_RS,MI_MPSC,2018,35131422,15.45
MN_RS,MN_MPUC,2018,22837140,13.14
MO_RS,MO_MPSC,2018,37463390,11.34
MS_RS,MS_MPSC,2018,19310527,11.12
MT_RS,MT_MPSC,2018,5197686,10.96
NC_RS,NC_NCUC,2018,61622454,11.09
ND_RS,ND_NDPSC,2018,5133171,10.25
NE_RS,NE_NPSC,2018,10412008,10.7
NH_RS,NH_NHPUC,2018,4641013,19.69
NJ_RS,NJ_NJBPU,2018,29530689,15.41
NM_RS,NM_NMPRC,2018,6826442,12.68
NV_RS,NV_PUCN,2018,13449743,11.85
NY_RS,NY_NYSPSC,2018,52153246,18.52
OH_RS,OH_PHCO,2018,54451714,12.56
OK_RS,OK_OCC,2018,24116808,10.3
OR_RS,OR_OR,2018,18930583,10.98
PA_RS,PA_OPUC,2018,55896453,13.89
RI_RS,RI_RIDPUC,2018,3124168,20.55
SC_RS,SC_SCPSC,2018,31852419,12.44
SD_RS,SD_SDPUC,2018,5018360,11.59
TN_RS,TN_TPUC,2018,44381957,10.71
TX_RS,TX_PUCT,2018,157267913,11.2
UT_RS,UT_UPSC,2018,9714507,10.41
VA_RS,VA_VSCC,2018,47962606,11.73
VT_RS,VT_VPUC,2018,2116045,18.02
WA_RS,WA_WUTC,2018,35338978,9.75
WI_RS,WI_PSCW,2018,22441335,14.02
WV_RS,WV_WVPSC,2018,11679455,11.18
WY_RS,WY_WPSC,2018,2748356,11.29
AK_CM,AK_RCA,2018,2646058,18.58
AL_CM,AL_APSC,2018,23483072,11.24
AR_CM,AR_APSC,2018,12278279,7.75
AZ_CM,AZ_ACC,2018,29683550,10.64
CA_CM,CA_APUC,2018,115786492,16.34
CO_CM,CO_CPUC,2018,21023300,10.02
CT_CM,CT_PURA,2018,12381063,16.76
DC_CM,DC_DCPSC,2018,8236225,11.97
DE_CM,DE_DPSC,2018,4342340,9.65
FL_CM,FL_FPSC,2018,96265276,9.19
GA_CM,GA_GPSC,2018,47311675,9.79
HI_CM,HI_HPUC,2018,3033009,29.9
IA_CM,IA_IUB,2018,12417671,9.68
ID_CM,ID_IURC,2018,6436893,7.93
IL_CM,IL_ICC,2018,50762829,9.12
IN_CM,IN_IURC,2018,24305199,10.6
KS_CM,KS_KCC,2018,16168750,10.66
KY_CM,KY_KPSC,2018,19980485,9.74
LA_CM,LA_LPSC,2018,24690904,8.85
MA_CM,MA_MDPU,2018,25952481,17.17
MD_CM,MD_MPSC,2018,29547518,10.43
ME_CM,ME_MPUC,2018,4447245,12.51
MI_CM,MI_MPSC,2018,38925268,11.15
MN_CM,MN_MPUC,2018,23398557,10.38
MO_CM,MO_MPSC,2018,31179283,9.4
MS_CM,MS_MPSC,2018,14530226,10.43
MT_CM,MT_MPSC,2018,4921231,10.11
NC_CM,NC_NCUC,2018,49298402,8.58
ND_CM,ND_NDPSC,2018,6835913,9.1
NE_CM,NE_NPSC,2018,9553396,8.83
NH_CM,NH_NHPUC,2018,4442560,15.81
NJ_CM,NJ_NJBPU,2018,38807065,12.21
NM_CM,NM_NMPRC,2018,9035272,10.02
NV_CM,NV_PUCN,2018,12123896,7.74
NY_CM,NY_NYSPSC,2018,76745463,14.5
OH_CM,OH_PHCO,2018,47191540,10.11
OK_CM,OK_OCC,2018,21229143,8.07
OR_CM,OR_OR,2018,16470027,8.91
PA_CM,PA_OPUC,2018,43221520,8.94
RI_CM,RI_RIDPUC,2018,3697587,16.58
SC_CM,SC_SCPSC,2018,22232833,10.11
SD_CM,SD_SDPUC,2018,4903243,9.62
TN_CM,TN_TPUC,2018,36930451,10.51
TX_CM,TX_PUCT,2018,143524631,8.16
UT_CM,UT_UPSC,2018,12083833,8.23
VA_CM,VA_VSCC,2018,52268211,8.32
VT_CM,VT_VPUC,2018,2003515,15.24
WA_CM,WA_WUTC,2018,29396404,8.72
WI_CM,WI_PSCW,2018,24093421,10.67
WV_CM,WV_WVPSC,2018,7774429,9.24
WY_CM,WY_WPSC,2018,3757211,9.58
AK_IS,AK_RCA,2018,1351503,17.1
AL_IS,AL_APSC,2018,33717004,6.01
AR_IS,AR_APSC,2018,18064787,5.64
AZ_IS,AZ_ACC,2018,13994441,6.55
CA_IS,CA_APUC,2018,49587913,13.2
CO_IS,CO_CPUC,2018,16047258,7.47
CT_IS,CT_PURA,2018,3209992,13.77
DC_IS,DC_DCPSC,2018,192662,8.3
DE_IS,DE_DPSC,2018,2360585,7.95
FL_IS,FL_FPSC,2018,16689129,7.65
GA_IS,GA_GPSC,2018,32695791,6
HI_IS,HI_HPUC,2018,3593454,26.1
IA_IS,IA_IUB,2018,23952635,6.45
ID_IS,ID_IURC,2018,8889037,6.47
IL_IS,IL_ICC,2018,44114711,6.8
IN_IS,IN_IURC,2018,45293322,7.38
KS_IS,KS_KCC,2018,11681037,7.6
KY_IS,KY_KPSC,2018,28917429,5.68
LA_IS,LA_LPSC,2018,37416715,5.35
MA_IS,MA_MDPU,2018,6699302,14.89
MD_IS,MD_MPSC,2018,3870188,8.23
ME_IS,ME_MPUC,2018,3035573,9.32
MI_IS,MI_MPSC,2018,30806023,7.1
MN_IS,MN_MPUC,2018,22446853,7.52
MO_IS,MO_MPSC,2018,13389587,7.22
MS_IS,MS_MPSC,2018,16549315,6
MT_IS,MT_MPSC,2018,4719928,5.19
NC_IS,NC_NCUC,2018,27353560,6.33
ND_IS,ND_NDPSC,2018,8700422,7.98
NE_IS,NE_NPSC,2018,10974088,7.6
NH_IS,NH_NHPUC,2018,1962711,13.42
NJ_IS,NJ_NJBPU,2018,7369106,10.07
NM_IS,NM_NMPRC,2018,8186897,5.84
NV_IS,NV_PUCN,2018,12198273,6.1
NY_IS,NY_NYSPSC,2018,18076792,6.02
OH_IS,OH_PHCO,2018,51235995,7.01
OK_IS,OK_OCC,2018,19229365,5.34
OR_IS,OR_OR,2018,13899298,5.86
PA_IS,PA_OPUC,2018,49155499,6.84
RI_IS,RI_RIDPUC,2018,734618,15.39
SC_IS,SC_SCPSC,2018,27555886,6.1
SD_IS,SD_SDPUC,2018,2935335,7.77
TN_IS,TN_TPUC,2018,21598775,5.68
TX_IS,TX_PUCT,2018,123438829,5.39
UT_IS,UT_UPSC,2018,9392709,5.9
VA_IS,VA_VSCC,2018,17736936,6.86
VT_IS,VT_VPUC,2018,1411388,10.66
WA_IS,WA_WUTC,2018,25263272,4.72
WI_IS,WI_PSCW,2018,24424585,7.33
WV_IS,WV_WVPSC,2018,14192929,6.4
WY_IS,WY_WPSC,2018,10359111,6.71
AK_TP,AK_RCA,2018,0,0
AL_TP,AL_APSC,2018,0,0
AR_TP,AR_APSC,2018,438,11.35
AZ_TP,AZ_ACC,2018,8014,10.02
CA_TP,CA_APUC,2018,749882,8.64
CO_TP,CO_CPUC,2018,92970,9
CT_TP,CT_PURA,2018,181498,12.84
DC_TP,DC_DCPSC,2018,336781,9.54
DE_TP,DE_DPSC,2018,0,0
FL_TP,FL_FPSC,2018,82939,8.26
GA_TP,GA_GPSC,2018,169502,5.52
HI_TP,HI_HPUC,2018,0,0
IA_TP,IA_IUB,2018,0,0
ID_TP,ID_IURC,2018,0,0
IL_TP,IL_ICC,2018,551353,6.75
IN_TP,IN_IURC,2018,21191,10.44
KS_TP,KS_KCC,2018,0,0
KY_TP,KY_KPSC,2018,0,0
LA_TP,LA_LPSC,2018,12915,9.21
MA_TP,MA_MDPU,2018,348572,6.38
MD_TP,MD_MPSC,2018,530275,7.44
ME_TP,ME_MPUC,2018,0,0
MI_TP,MI_MPSC,2018,6783,10.76
MN_TP,MN_MPUC,2018,25832,9.58
MO_TP,MO_MPSC,2018,23575,8.52
MS_TP,MS_MPSC,2018,0,0
MT_TP,MT_MPSC,2018,0,0
NC_TP,NC_NCUC,2018,12988,8.02
ND_TP,ND_NDPSC,2018,0,0
NE_TP,NE_NPSC,2018,0,0
NH_TP,NH_NHPUC,2018,0,0
NJ_TP,NJ_NJBPU,2018,309902,9.07
NM_TP,NM_NMPRC,2018,0,0
NV_TP,NV_PUCN,2018,8351,8.31
NY_TP,NY_NYSPSC,2018,2954350,12.14
OH_TP,OH_PHCO,2018,35918,7.33
OK_TP,OK_OCC,2018,0,0
OR_TP,OR_OR,2018,25996,9.16
PA_TP,PA_OPUC,2018,703259,7.78
RI_TP,RI_RIDPUC,2018,26966,17.01
SC_TP,SC_SCPSC,2018,0,0
SD_TP,SD_SDPUC,2018,0,0
TN_TP,TN_TPUC,2018,0,0
TX_TP,TX_PUCT,2018,187255,8.08
UT_TP,UT_UPSC,2018,51359,10.59
VA_TP,VA_VSCC,2018,198595,8.28
VT_TP,VT_VPUC,2018,0,0
WA_TP,WA_WUTC,2018,7137,9.38
WI_TP,WI_PSCW,2018,208,13.85
WV_TP,WV_WVPSC,2018,0,0
WY_TP,WY_WPSC,2018,0,0
AK_RS,AK_RCA,2017,2060349,21.27
AL_RS,AL_APSC,2017,30181045,12.55
AR_RS,AR_APSC,2017,17026779,10.28
AZ_RS,AZ_ACC,2017,34251220,12.44
CA_RS,CA_APUC,2017,90123505,18.31
CO_RS,CO_CPUC,2017,18615000,12.17
CT_RS,CT_PURA,2017,12379520,20.29
DC_RS,DC_DCPSC,2017,2394652,12.94
DE_RS,DE_DPSC,2017,4662598,13.35
FL_RS,FL_FPSC,2017,121462622,11.61
GA_RS,GA_GPSC,2017,54771449,11.9
HI_RS,HI_HPUC,2017,2629679,29.5
IA_RS,IA_IUB,2017,13721869,12.34
ID_RS,ID_IURC,2017,8727901,10.04
IL_RS,IL_ICC,2017,43717391,12.95
IN_RS,IN_IURC,2017,31551558,12.29
KS_RS,KS_KCC,2017,13013422,13.31
KY_RS,KY_KPSC,2017,24882582,10.85
LA_RS,LA_LPSC,2017,29531960,9.74
MA_RS,MA_MDPU,2017,19337799,20.06
MD_RS,MD_MPSC,2017,26084176,13.96
ME_RS,ME_MPUC,2017,4638535,15.97
MI_RS,MI_MPSC,2017,32977374,15.4
MN_RS,MN_MPUC,2017,21573800,13.04
MO_RS,MO_MPSC,2017,33051080,11.63
MS_RS,MS_MPSC,2017,17444016,11.08
MT_RS,MT_MPSC,2017,5224588,10.95
NC_RS,NC_NCUC,2017,56133960,10.94
ND_RS,ND_NDPSC,2017,4848305,10.29
NE_RS,NE_NPSC,2017,9667990,10.97
NH_RS,NH_NHPUC,2017,4441497,19.2
NJ_RS,NJ_NJBPU,2017,27761879,15.65
NM_RS,NM_NMPRC,2017,6497207,12.88
NV_RS,NV_PUCN,2017,12936791,11.99
NY_RS,NY_NYSPSC,2017,49080757,18.03
OH_RS,OH_PHCO,2017,49795540,12.63
OK_RS,OK_OCC,2017,21837596,10.61
OR_RS,OR_OR,2017,20065930,10.66
PA_RS,PA_OPUC,2017,51724498,14.23
RI_RS,RI_RIDPUC,2017,3028267,18.32
SC_RS,SC_SCPSC,2017,29224971,13.02
SD_RS,SD_SDPUC,2017,4652890,11.77
TN_RS,TN_TPUC,2017,39292528,10.72
TX_RS,TX_PUCT,2017,144242131,11.01
UT_RS,UT_UPSC,2017,9510783,10.95
VA_RS,VA_VSCC,2017,43982440,11.55
VT_RS,VT_VPUC,2017,2023424,17.68
WA_RS,WA_WUTC,2017,37282901,9.66
WI_RS,WI_PSCW,2017,21233154,14.35
WV_RS,WV_WVPSC,2017,10573463,11.63
WY_RS,WY_WPSC,2017,2772371,11.37
AK_CM,AK_RCA,2017,2704890,18.89
AL_CM,AL_APSC,2017,22743813,11.6
AR_CM,AR_APSC,2017,11912518,8.51
AZ_CM,AZ_ACC,2017,29681441,10.5
CA_CM,CA_APUC,2017,117682380,15.76
CO_CM,CO_CPUC,2017,20640793,9.89
CT_CM,CT_PURA,2017,12335414,16.06
DC_CM,DC_DCPSC,2017,8006225,11.66
DE_CM,DE_DPSC,2017,4184668,9.89
FL_CM,FL_FPSC,2017,95003681,9.35
GA_CM,GA_GPSC,2017,46265427,10.09
HI_CM,HI_HPUC,2017,3081632,26.77
IA_CM,IA_IUB,2017,12135026,9.46
ID_CM,ID_IURC,2017,6421001,7.98
IL_CM,IL_ICC,2017,49987885,9.09
IN_CM,IN_IURC,2017,23656990,10.54
KS_CM,KS_KCC,2017,15739290,10.59
KY_CM,KY_KPSC,2017,19292518,9.85
LA_CM,LA_LPSC,2017,24500349,8.95
MA_CM,MA_MDPU,2017,25968044,15.94
MD_CM,MD_MPSC,2017,28893046,10.75
ME_CM,ME_MPUC,2017,3916786,12.12
MI_CM,MI_MPSC,2017,38325322,11
MN_CM,MN_MPUC,2017,23273897,10.48
MO_CM,MO_MPSC,2017,30176974,9.47
MS_CM,MS_MPSC,2017,14256157,10.17
MT_CM,MT_MPSC,2017,4970119,10.12
NC_CM,NC_NCUC,2017,47890455,8.44
ND_CM,ND_NDPSC,2017,6529910,9.19
NE_CM,NE_NPSC,2017,9293401,8.85
NH_CM,NH_NHPUC,2017,4389838,14.81
NJ_CM,NJ_NJBPU,2017,37971404,12.28
NM_CM,NM_NMPRC,2017,8784312,10.19
NV_CM,NV_PUCN,2017,11122755,7.96
NY_CM,NY_NYSPSC,2017,75333485,14.75
OH_CM,OH_PHCO,2017,46158399,10.05
OK_CM,OK_OCC,2017,20498860,8.11
OR_CM,OR_OR,2017,16570754,8.86
PA_CM,PA_OPUC,2017,42622565,8.98
RI_CM,RI_RIDPUC,2017,3603085,15.2
SC_CM,SC_SCPSC,2017,21758082,10.57
SD_CM,SD_SDPUC,2017,4722666,9.74
TN_CM,TN_TPUC,2017,33727208,10.55
TX_CM,TX_PUCT,2017,137485841,8.26
UT_CM,UT_UPSC,2017,11739121,8.65
VA_CM,VA_VSCC,2017,50200525,8.01
VT_CM,VT_VPUC,2017,1976594,14.61
WA_CM,WA_WUTC,2017,29799505,8.57
WI_CM,WI_PSCW,2017,23641127,10.87
WV_CM,WV_WVPSC,2017,7549430,9.58
WY_CM,WY_WPSC,2017,3762086,9.7
AK_IS,AK_RCA,2017,1420560,16.34
AL_IS,AL_APSC,2017,33316872,6.16
AR_IS,AR_APSC,2017,17146265,6.07
AZ_IS,AZ_ACC,2017,13706041,6.45
CA_IS,CA_APUC,2017,48627406,12.73
CO_IS,CO_CPUC,2017,15501238,7.5
CT_IS,CT_PURA,2017,3243615,13.1
DC_IS,DC_DCPSC,2017,180183,8.23
DE_IS,DE_DPSC,2017,2281337,7.78
FL_IS,FL_FPSC,2017,16601941,7.83
GA_IS,GA_GPSC,2017,32250691,5.96
HI_IS,HI_HPUC,2017,3612890,22.92
IA_IS,IA_IUB,2017,23065102,6.21
ID_IS,ID_IURC,2017,8644888,6.66
IL_IS,IL_ICC,2017,42970694,6.47
IN_IS,IN_IURC,2017,43737384,7.54
KS_IS,KS_KCC,2017,11535075,7.54
KY_IS,KY_KPSC,2017,28459287,5.72
LA_IS,LA_LPSC,2017,37160685,5.48
MA_IS,MA_MDPU,2017,6859215,13.88
MD_IS,MD_MPSC,2017,3797822,8.37
ME_IS,ME_MPUC,2017,2658353,9.2
MI_IS,MI_MPSC,2017,30590574,7.19
MN_IS,MN_MPUC,2017,22280917,7.37
MO_IS,MO_MPSC,2017,13210525,7.33
MS_IS,MS_MPSC,2017,16128614,5.99
MT_IS,MT_MPSC,2017,4514949,5.25
NC_IS,NC_NCUC,2017,27393364,6.2
ND_IS,ND_NDPSC,2017,8762211,7.63
NE_IS,NE_NPSC,2017,11397616,7.66
NH_IS,NH_NHPUC,2017,1955926,12.34
NJ_IS,NJ_NJBPU,2017,7343012,10.12
NM_IS,NM_NMPRC,2017,7728065,6.15
NV_IS,NV_PUCN,2017,12589549,6.15
NY_IS,NY_NYSPSC,2017,17811455,5.92
OH_IS,OH_PHCO,2017,50650671,6.92
OK_IS,OK_OCC,2017,18155672,5.42
OR_IS,OR_OR,2017,13381811,5.98
PA_IS,PA_OPUC,2017,47889117,6.77
RI_IS,RI_RIDPUC,2017,725767,14.57
SC_IS,SC_SCPSC,2017,27113704,6.19
SD_IS,SD_SDPUC,2017,2938119,7.84
TN_IS,TN_TPUC,2017,24220149,5.83
TX_IS,TX_PUCT,2017,119970143,5.35
UT_IS,UT_UPSC,2017,9283036,6.13
VA_IS,VA_VSCC,2017,17168820,6.51
VT_IS,VT_VPUC,2017,1423644,10.21
WA_IS,WA_WUTC,2017,24858604,4.6
WI_IS,WI_PSCW,2017,24204631,7.49
WV_IS,WV_WVPSC,2017,13586126,6.64
WY_IS,WY_WPSC,2017,10243610,6.92
AK_TP,AK_RCA,2017,0,0
AL_TP,AL_APSC,2017,0,0
AR_TP,AR_APSC,2017,389,12.26
AZ_TP,AZ_ACC,2017,7560,9.65
CA_TP,CA_APUC,2017,834646,8.68
CO_TP,CO_CPUC,2017,73155,9.77
CT_TP,CT_PURA,2017,176981,10.95
DC_TP,DC_DCPSC,2017,335386,8.9
DE_TP,DE_DPSC,2017,0,0
FL_TP,FL_FPSC,2017,86305,8.62
GA_TP,GA_GPSC,2017,169053,5.35
HI_TP,HI_HPUC,2017,0,0
IA_TP,IA_IUB,2017,0,0
ID_TP,ID_IURC,2017,0,0
IL_TP,IL_ICC,2017,520340,6.35
IN_TP,IN_IURC,2017,20036,11.23
KS_TP,KS_KCC,2017,0,0
KY_TP,KY_KPSC,2017,0,0
LA_TP,LA_LPSC,2017,12941,9.93
MA_TP,MA_MDPU,2017,348263,6.22
MD_TP,MD_MPSC,2017,528841,7.74
ME_TP,ME_MPUC,2017,0,0
MI_TP,MI_MPSC,2017,5823,11.99
MN_TP,MN_MPUC,2017,23966,9.56
MO_TP,MO_MPSC,2017,22840,8.42
MS_TP,MS_MPSC,2017,0,0
MT_TP,MT_MPSC,2017,0,0
NC_TP,NC_NCUC,2017,3540,8.55
ND_TP,ND_NDPSC,2017,0,0
NE_TP,NE_NPSC,2017,0,0
NH_TP,NH_NHPUC,2017,0,0
NJ_TP,NJ_NJBPU,2017,306645,8.81
NM_TP,NM_NMPRC,2017,0,0
NV_TP,NV_PUCN,2017,8691,8.61
NY_TP,NY_NYSPSC,2017,2766736,12.67
OH_TP,OH_PHCO,2017,39221,7.5
OK_TP,OK_OCC,2017,0,0
OR_TP,OR_OR,2017,25321,9.35
PA_TP,PA_OPUC,2017,754716,7.16
RI_TP,RI_RIDPUC,2017,27552,17.08
SC_TP,SC_SCPSC,2017,0,0
SD_TP,SD_SDPUC,2017,0,0
TN_TP,TN_TPUC,2017,0,0
TX_TP,TX_PUCT,2017,182259,8.16
UT_TP,UT_UPSC,2017,56081,10.26
VA_TP,VA_VSCC,2017,177947,8.11
VT_TP,VT_VPUC,2017,0,0
WA_TP,WA_WUTC,2017,7162,9.18
WI_TP,WI_PSCW,2017,197,14.31
WV_TP,WV_WVPSC,2017,0,0
WY_TP,WY_WPSC,2017,0,0
AK_RS,AK_RCA,2016,2006392,20.3
AL_RS,AL_APSC,2016,32055546,11.99
AR_RS,AR_APSC,2016,17784233,9.92
AZ_RS,AZ_ACC,2016,33690783,12.15
CA_RS,CA_APUC,2016,88311069,17.39
CO_RS,CO_CPUC,2016,18833722,12.07
CT_RS,CT_PURA,2016,12676983,20.01
DC_RS,DC_DCPSC,2016,2501892,12.29
DE_RS,DE_DPSC,2016,4763106,13.42
FL_RS,FL_FPSC,2016,123320547,10.98
GA_RS,GA_GPSC,2016,57889379,11.5
HI_RS,HI_HPUC,2016,2611727,27.47
IA_RS,IA_IUB,2016,14093678,11.94
ID_RS,ID_IURC,2016,8172022,9.95
IL_RS,IL_ICC,2016,45990052,12.54
IN_RS,IN_IURC,2016,33025955,11.79
KS_RS,KS_KCC,2016,13509235,13.06
KY_RS,KY_KPSC,2016,26338437,10.49
LA_RS,LA_LPSC,2016,30650067,9.34
MA_RS,MA_MDPU,2016,19692896,19
MD_RS,MD_MPSC,2016,27316871,14.23
ME_RS,ME_MPUC,2016,4585825,15.83
MI_RS,MI_MPSC,2016,34543262,15.22
MN_RS,MN_MPUC,2016,21803791,12.67
MO_RS,MO_MPSC,2016,34354932,11.21
MS_RS,MS_MPSC,2016,18458928,10.47
MT_RS,MT_MPSC,2016,4852547,10.94
NC_RS,NC_NCUC,2016,58456809,11.03
ND_RS,ND_NDPSC,2016,4741298,10.16
NE_RS,NE_NPSC,2016,9738351,10.84
NH_RS,NH_NHPUC,2016,4438407,18.38
NJ_RS,NJ_NJBPU,2016,29090726,15.72
NM_RS,NM_NMPRC,2016,6642511,12.03
NV_RS,NV_PUCN,2016,12691942,11.41
NY_RS,NY_NYSPSC,2016,50831287,17.58
OH_RS,OH_PHCO,2016,52524141,12.47
OK_RS,OK_OCC,2016,22789715,10.2
OR_RS,OR_OR,2016,18573242,10.66
PA_RS,PA_OPUC,2016,53877130,13.86
RI_RS,RI_RIDPUC,2016,3081562,18.62
SC_RS,SC_SCPSC,2016,30615596,12.65
SD_RS,SD_SDPUC,2016,4618724,11.47
TN_RS,TN_TPUC,2016,41773888,10.41
TX_RS,TX_PUCT,2016,145973181,10.99
UT_RS,UT_UPSC,2016,9370656,11.02
VA_RS,VA_VSCC,2016,45186057,11.36
VT_RS,VT_VPUC,2016,2056402,17.37
WA_RS,WA_WUTC,2016,34211748,9.48
WI_RS,WI_PSCW,2016,21814249,14.07
WV_RS,WV_WVPSC,2016,11375581,11.44
WY_RS,WY_WPSC,2016,2751073,11.13
AK_CM,AK_RCA,2016,2731499,17.56
AL_CM,AL_APSC,2016,23634474,11.11
AR_CM,AR_APSC,2016,12177633,8.23
AZ_CM,AZ_ACC,2016,29564157,10.41
CA_CM,CA_APUC,2016,116774684,15.07
CO_CM,CO_CPUC,2016,20800136,9.6
CT_CM,CT_PURA,2016,12701264,15.75
DC_CM,DC_DCPSC,2016,8368479,11.72
DE_CM,DE_DPSC,2016,4235231,10.07
FL_CM,FL_FPSC,2016,95547214,8.9
GA_CM,GA_GPSC,2016,47761768,9.81
HI_CM,HI_HPUC,2016,3111282,24.64
IA_CM,IA_IUB,2016,12291332,9.17
ID_CM,ID_IURC,2016,6279129,7.76
IL_CM,IL_ICC,2016,50910054,9.02
IN_CM,IN_IURC,2016,24228779,10.01
KS_CM,KS_KCC,2016,15887392,10.47
KY_CM,KY_KPSC,2016,19981122,9.57
LA_CM,LA_LPSC,2016,24895713,8.59
MA_CM,MA_MDPU,2016,25933809,15.6
MD_CM,MD_MPSC,2016,29675993,10.99
ME_CM,ME_MPUC,2016,3986488,12.08
MI_CM,MI_MPSC,2016,38985906,10.64
MN_CM,MN_MPUC,2016,23501739,9.86
MO_CM,MO_MPSC,2016,30728480,9.26
MS_CM,MS_MPSC,2016,14522538,9.57
MT_CM,MT_MPSC,2016,4831636,10.19
NC_CM,NC_NCUC,2016,48604221,8.62
ND_CM,ND_NDPSC,2016,6346158,9.15
NE_CM,NE_NPSC,2016,9306827,8.8
NH_CM,NH_NHPUC,2016,4466192,14.43
NJ_CM,NJ_NJBPU,2016,38672407,12.26
NM_CM,NM_NMPRC,2016,8805876,9.75
NV_CM,NV_PUCN,2016,9929076,7.93
NY_CM,NY_NYSPSC,2016,76506968,14.45
OH_CM,OH_PHCO,2016,47742269,9.97
OK_CM,OK_OCC,2016,20695703,7.66
OR_CM,OR_OR,2016,16060478,8.91
PA_CM,PA_OPUC,2016,43535432,9.22
RI_CM,RI_RIDPUC,2016,3651317,14.88
SC_CM,SC_SCPSC,2016,22274962,10.28
SD_CM,SD_SDPUC,2016,4698053,9.58
TN_CM,TN_TPUC,2016,35438903,10.19
TX_CM,TX_PUCT,2016,139104274,8.26
UT_CM,UT_UPSC,2016,11565312,8.75
VA_CM,VA_VSCC,2016,49263847,7.93
VT_CM,VT_VPUC,2016,2014045,14.54
WA_CM,WA_WUTC,2016,28989062,8.43
WI_CM,WI_PSCW,2016,23884088,10.77
WV_CM,WV_WVPSC,2016,7825670,9.35
WY_CM,WY_WPSC,2016,3762315,9.4
AK_IS,AK_RCA,2016,1385311,15.22
AL_IS,AL_APSC,2016,32535121,6.04
AR_IS,AR_APSC,2016,16226147,6.08
AZ_IS,AZ_ACC,2016,14975656,6.07
CA_IS,CA_APUC,2016,50979124,11.92
CO_IS,CO_CPUC,2016,15103434,7.35
CT_IS,CT_PURA,2016,3370068,12.81
DC_IS,DC_DCPSC,2016,192454,8.8
DE_IS,DE_DPSC,2016,2260101,8.11
FL_IS,FL_FPSC,2016,16758825,7.69
GA_IS,GA_GPSC,2016,32290121,5.84
HI_IS,HI_HPUC,2016,3722380,20.69
IA_IS,IA_IUB,2016,22046183,6.05
ID_IS,ID_IURC,2016,8611810,6.55
IL_IS,IL_ICC,2016,43631754,6.51
IN_IS,IN_IURC,2016,46429174,6.97
KS_IS,KS_KCC,2016,11413547,7.49
KY_IS,KY_KPSC,2016,28234016,5.67
LA_IS,LA_LPSC,2016,35894652,5.08
MA_IS,MA_MDPU,2016,7507380,13.38
MD_IS,MD_MPSC,2016,3821476,7.89
ME_IS,ME_MPUC,2016,2876638,8.96
MI_IS,MI_MPSC,2016,30934422,6.91
MN_IS,MN_MPUC,2016,21216798,7.37
MO_IS,MO_MPSC,2016,13513245,7.12
MS_IS,MS_MPSC,2016,16068698,5.79
MT_IS,MT_MPSC,2016,4416418,5.06
NC_IS,NC_NCUC,2016,27336887,6.31
ND_IS,ND_NDPSC,2016,7432732,7.98
NE_IS,NE_NPSC,2016,11154176,7.69
NH_IS,NH_NHPUC,2016,2000357,12.34
NJ_IS,NJ_NJBPU,2016,7293070,10.16
NM_IS,NM_NMPRC,2016,7591160,5.84
NV_IS,NV_PUCN,2016,13515234,5.88
NY_IS,NY_NYSPSC,2016,17709218,6.03
OH_IS,OH_PHCO,2016,50290693,6.98
OK_IS,OK_OCC,2016,18031136,5.02
OR_IS,OR_OR,2016,12691616,6.05
PA_IS,PA_OPUC,2016,47127932,6.92
RI_IS,RI_RIDPUC,2016,764295,13.48
SC_IS,SC_SCPSC,2016,26686992,6.09
SD_IS,SD_SDPUC,2016,2812753,7.57
TN_IS,TN_TPUC,2016,23545648,5.68
TX_IS,TX_PUCT,2016,113402713,5.33
UT_IS,UT_UPSC,2016,9186991,6.33
VA_IS,VA_VSCC,2016,17648014,6.56
VT_IS,VT_VPUC,2016,1446003,10.23
WA_IS,WA_WUTC,2016,25678420,4.43
WI_IS,WI_PSCW,2016,24037811,7.5
WV_IS,WV_WVPSC,2016,12874895,6.57
WY_IS,WY_WPSC,2016,10041482,6.92
AK_TP,AK_RCA,2016,0,0
AL_TP,AL_APSC,2016,0,0
AR_TP,AR_APSC,2016,425,10.4
AZ_TP,AZ_ACC,2016,7232,9.93
CA_TP,CA_APUC,2016,781758,9.8
CO_TP,CO_CPUC,2016,64745,9.8
CT_TP,CT_PURA,2016,182772,10.84
DC_TP,DC_DCPSC,2016,331178,9.53
DE_TP,DE_DPSC,2016,0,0
FL_TP,FL_FPSC,2016,95236,8.32
GA_TP,GA_GPSC,2016,170971,5.08
HI_TP,HI_HPUC,2016,0,0
IA_TP,IA_IUB,2016,0,0
ID_TP,ID_IURC,2016,0,0
IL_TP,IL_ICC,2016,518549,6.67
IN_TP,IN_IURC,2016,20913,9.82
KS_TP,KS_KCC,2016,0,0
KY_TP,KY_KPSC,2016,0,0
LA_TP,LA_LPSC,2016,12227,9.03
MA_TP,MA_MDPU,2016,341803,5.94
MD_TP,MD_MPSC,2016,539571,7.85
ME_TP,ME_MPUC,2016,0,0
MI_TP,MI_MPSC,2016,4223,11.63
MN_TP,MN_MPUC,2016,24164,10.06
MO_TP,MO_MPSC,2016,21399,8.31
MS_TP,MS_MPSC,2016,0,0
MT_TP,MT_MPSC,2016,0,0
NC_TP,NC_NCUC,2016,6402,7.88
ND_TP,ND_NDPSC,2016,0,0
NE_TP,NE_NPSC,2016,0,0
NH_TP,NH_NHPUC,2016,0,0
NJ_TP,NJ_NJBPU,2016,303168,8.68
NM_TP,NM_NMPRC,2016,0,0
NV_TP,NV_PUCN,2016,8378,7.83
NY_TP,NY_NYSPSC,2016,2755565,12.05
OH_TP,OH_PHCO,2016,40693,7.93
OK_TP,OK_OCC,2016,0,0
OR_TP,OR_OR,2016,24014,9.26
PA_TP,PA_OPUC,2016,787189,7.64
RI_TP,RI_RIDPUC,2016,27096,18.71
SC_TP,SC_SCPSC,2016,0,0
SD_TP,SD_SDPUC,2016,0,0
TN_TP,TN_TPUC,2016,0,0
TX_TP,TX_PUCT,2016,181641,7.92
UT_TP,UT_UPSC,2016,56575,9.76
VA_TP,VA_VSCC,2016,182747,7.76
VT_TP,VT_VPUC,2016,0,0
WA_TP,WA_WUTC,2016,6086,8.89
WI_TP,WI_PSCW,2016,190,14.68
WV_TP,WV_WVPSC,2016,0,0
WY_TP,WY_WPSC,2016,0,0
AK_RS,AK_RCA,2015,2044184,19.83
AL_RS,AL_APSC,2015,31908530,11.7
AR_RS,AR_APSC,2015,18273389,9.82
AZ_RS,AZ_ACC,2015,33167205,12.13
CA_RS,CA_APUC,2015,89386373,16.99
CO_RS,CO_CPUC,2015,18384936,12.12
CT_RS,CT_PURA,2015,12892862,20.94
DC_RS,DC_DCPSC,2015,2497559,12.99
DE_RS,DE_DPSC,2015,4848998,13.42
FL_RS,FL_FPSC,2015,122759472,11.58
GA_RS,GA_GPSC,2015,56421650,11.54
HI_RS,HI_HPUC,2015,2641336,29.6
IA_RS,IA_IUB,2015,13786328,11.63
ID_RS,ID_IURC,2015,8054693,9.93
IL_RS,IL_ICC,2015,44645638,12.5
IN_RS,IN_IURC,2015,32441693,11.57
KS_RS,KS_KCC,2015,13241682,12.34
KY_RS,KY_KPSC,2015,26168093,10.24
LA_RS,LA_LPSC,2015,31545313,9.33
MA_RS,MA_MDPU,2015,20175317,19.83
MD_RS,MD_MPSC,2015,27403336,13.82
ME_RS,ME_MPUC,2015,4662301,15.61
MI_RS,MI_MPSC,2015,33357876,14.42
MN_RS,MN_MPUC,2015,21713970,12.12
MO_RS,MO_MPSC,2015,33911760,11.21
MS_RS,MS_MPSC,2015,18561101,11.27
MT_RS,MT_MPSC,2015,4825213,10.88
NC_RS,NC_NCUC,2015,57901557,11.28
ND_RS,ND_NDPSC,2015,4862542,9.62
NE_RS,NE_NPSC,2015,9532132,10.6
NH_RS,NH_NHPUC,2015,4526948,18.5
NJ_RS,NJ_NJBPU,2015,29142283,15.81
NM_RS,NM_NMPRC,2015,6641724,12.47
NV_RS,NV_PUCN,2015,12338538,12.76
NY_RS,NY_NYSPSC,2015,51012745,18.54
OH_RS,OH_PHCO,2015,51492954,12.8
OK_RS,OK_OCC,2015,22615824,10.14
OR_RS,OR_OR,2015,18269007,10.66
PA_RS,PA_OPUC,2015,54418663,13.64
RI_RS,RI_RIDPUC,2015,3135506,19.29
SC_RS,SC_SCPSC,2015,30059188,12.57
SD_RS,SD_SDPUC,2015,4571325,11.08
TN_RS,TN_TPUC,2015,41667411,10.3
TX_RS,TX_PUCT,2015,145651913,11.56
UT_RS,UT_UPSC,2015,9117153,10.88
VA_RS,VA_VSCC,2015,45928411,11.37
VT_RS,VT_VPUC,2015,2088940,17.09
WA_RS,WA_WUTC,2015,34071987,9.09
WI_RS,WI_PSCW,2015,21214787,14.11
WV_RS,WV_WVPSC,2015,11437451,10.08
WY_RS,WY_WPSC,2015,2676702,10.97
AK_CM,AK_RCA,2015,2763491,17.44
AL_CM,AL_APSC,2015,23437831,10.83
AR_CM,AR_APSC,2015,12153236,8.32
AZ_CM,AZ_ACC,2015,29284431,10.39
CA_CM,CA_APUC,2015,118384093,15.73
CO_CM,CO_CPUC,2015,20408085,9.88
CT_CM,CT_PURA,2015,12958570,15.97
DC_CM,DC_DCPSC,2015,8221610,12.01
DE_CM,DE_DPSC,2015,4219085,10.25
FL_CM,FL_FPSC,2015,95847051,9.5
GA_CM,GA_GPSC,2015,47151316,9.89
HI_CM,HI_HPUC,2015,3174462,26.93
IA_CM,IA_IUB,2015,12071781,8.92
ID_CM,ID_IURC,2015,6263642,7.8
IL_CM,IL_ICC,2015,50319815,9.02
IN_CM,IN_IURC,2015,24021689,9.78
KS_CM,KS_KCC,2015,15380339,10.1
KY_CM,KY_KPSC,2015,19589209,9.44
LA_CM,LA_LPSC,2015,24996178,8.66
MA_CM,MA_MDPU,2015,26200307,15.79
MD_CM,MD_MPSC,2015,29959115,11
ME_CM,ME_MPUC,2015,4017822,12.47
MI_CM,MI_MPSC,2015,38440734,10.55
MN_CM,MN_MPUC,2015,23388015,9.44
MO_CM,MO_MPSC,2015,30535443,9.16
MS_CM,MS_MPSC,2015,14391682,10.55
MT_CM,MT_MPSC,2015,4894095,10.23
NC_CM,NC_NCUC,2015,48236147,8.73
ND_CM,ND_NDPSC,2015,6278868,8.83
NE_CM,NE_NPSC,2015,9307834,8.67
NH_CM,NH_NHPUC,2015,4491173,14.96
NJ_CM,NJ_NJBPU,2015,38722730,12.79
NM_CM,NM_NMPRC,2015,8877046,10.3
NV_CM,NV_PUCN,2015,9613997,9.25
NY_CM,NY_NYSPSC,2015,77005625,15.31
OH_CM,OH_PHCO,2015,47123923,10.07
OK_CM,OK_OCC,2015,20691105,7.68
OR_CM,OR_OR,2015,16021066,8.8
PA_CM,PA_OPUC,2015,43745173,9.6
RI_CM,RI_RIDPUC,2015,3704812,15.78
SC_CM,SC_SCPSC,2015,21927007,10.21
SD_CM,SD_SDPUC,2015,4748637,9.16
TN_CM,TN_TPUC,2015,34981552,10.16
TX_CM,TX_PUCT,2015,136323562,8.15
UT_CM,UT_UPSC,2015,11614593,8.62
VA_CM,VA_VSCC,2015,48347037,8.21
VT_CM,VT_VPUC,2015,2010568,14.54
WA_CM,WA_WUTC,2015,29266512,8.22
WI_CM,WI_PSCW,2015,23514103,10.89
WV_CM,WV_WVPSC,2015,7800740,8.61
WY_CM,WY_WPSC,2015,3924590,9.12
AK_IS,AK_RCA,2015,1351529,14.53
AL_IS,AL_APSC,2015,33499182,6.03
AR_IS,AR_APSC,2015,16038092,6.23
AZ_IS,AZ_ACC,2015,14891564,6.26
CA_IS,CA_APUC,2015,52562210,12.17
CO_IS,CO_CPUC,2015,15258761,7.4
CT_IS,CT_PURA,2015,3432002,12.95
DC_IS,DC_DCPSC,2015,238232,8.78
DE_IS,DE_DPSC,2015,2430122,8.28
FL_IS,FL_FPSC,2015,16897415,8.22
GA_IS,GA_GPSC,2015,32134396,5.87
HI_IS,HI_HPUC,2015,3695554,23.06
IA_IS,IA_IUB,2015,21289184,5.9
ID_IS,ID_IURC,2015,8740479,6.6
IL_IS,IL_ICC,2015,43130671,6.67
IN_IS,IN_IURC,2015,48030120,6.86
KS_IS,KS_KCC,2015,11227106,7.61
KY_IS,KY_KPSC,2015,30281328,5.48
LA_IS,LA_LPSC,2015,35123169,5.41
MA_IS,MA_MDPU,2015,7892165,13.54
MD_IS,MD_MPSC,2015,3883315,8.53
ME_IS,ME_MPUC,2015,3208045,9.05
MI_IS,MI_MPSC,2015,30677019,7.02
MN_IS,MN_MPUC,2015,21453040,7.02
MO_IS,MO_MPSC,2015,17036256,6.44
MS_IS,MS_MPSC,2015,15738746,6.56
MT_IS,MT_MPSC,2015,4487603,5.32
NC_IS,NC_NCUC,2015,27701168,6.51
ND_IS,ND_NDPSC,2015,6987538,8.07
NE_IS,NE_NPSC,2015,10655107,7.59
NH_IS,NH_NHPUC,2015,1981028,12.74
NJ_IS,NJ_NJBPU,2015,7320398,10.64
NM_IS,NM_NMPRC,2015,7574783,6.33
NV_IS,NV_PUCN,2015,14058811,6.75
NY_IS,NY_NYSPSC,2015,18079200,6.31
OH_IS,OH_PHCO,2015,50556675,7.02
OK_IS,OK_OCC,2015,18029456,5.35
OR_IS,OR_OR,2015,12949776,5.97
PA_IS,PA_OPUC,2015,47404272,7.2
RI_IS,RI_RIDPUC,2015,798532,13.76
SC_IS,SC_SCPSC,2015,29342051,6.05
SD_IS,SD_SDPUC,2015,2782017,7.37
TN_IS,TN_TPUC,2015,22983145,6.17
TX_IS,TX_PUCT,2015,110182265,5.59
UT_IS,UT_UPSC,2015,9404984,6.17
VA_IS,VA_VSCC,2015,17537165,6.95
VT_IS,VT_VPUC,2015,1421601,10.27
WA_IS,WA_WUTC,2015,26772299,4.35
WI_IS,WI_PSCW,2015,23969851,7.58
WV_IS,WV_WVPSC,2015,13064835,6.09
WY_IS,WY_WPSC,2015,10323470,6.76
AK_TP,AK_RCA,2015,0,0
AL_TP,AL_APSC,2015,0,0
AR_TP,AR_APSC,2015,437,11.21
AZ_TP,AZ_ACC,2015,6216,9.4
CA_TP,CA_APUC,2015,837761,8.99
CO_TP,CO_CPUC,2015,64264,10.08
CT_TP,CT_PURA,2015,192721,13.18
DC_TP,DC_DCPSC,2015,333832,9
DE_TP,DE_DPSC,2015,0,0
FL_TP,FL_FPSC,2015,95460,8.92
GA_TP,GA_GPSC,2015,170853,5.27
HI_TP,HI_HPUC,2015,0,0
IA_TP,IA_IUB,2015,0,0
ID_TP,ID_IURC,2015,0,0
IL_TP,IL_ICC,2015,523846,6.81
IN_TP,IN_IURC,2015,21016,9.92
KS_TP,KS_KCC,2015,0,0
KY_TP,KY_KPSC,2015,0,0
LA_TP,LA_LPSC,2015,11829,8.28
MA_TP,MA_MDPU,2015,353299,7.76
MD_TP,MD_MPSC,2015,535953,8.34
ME_TP,ME_MPUC,2015,0,0
MI_TP,MI_MPSC,2015,4292,11.44
MN_TP,MN_MPUC,2015,24209,9.5
MO_TP,MO_MPSC,2015,20622,8.36
MS_TP,MS_MPSC,2015,0,0
MT_TP,MT_MPSC,2015,0,0
NC_TP,NC_NCUC,2015,8651,7.9
ND_TP,ND_NDPSC,2015,0,0
NE_TP,NE_NPSC,2015,0,0
NH_TP,NH_NHPUC,2015,0,0
NJ_TP,NJ_NJBPU,2015,304212,10.25
NM_TP,NM_NMPRC,2015,0,0
NV_TP,NV_PUCN,2015,8344,9.11
NY_TP,NY_NYSPSC,2015,2816085,12.95
OH_TP,OH_PHCO,2015,39672,7.69
OK_TP,OK_OCC,2015,0,0
OR_TP,OR_OR,2015,24125,9.14
PA_TP,PA_OPUC,2015,775920,7.82
RI_TP,RI_RIDPUC,2015,25868,18.54
SC_TP,SC_SCPSC,2015,0,0
SD_TP,SD_SDPUC,2015,0,0
TN_TP,TN_TPUC,2015,0,0
TX_TP,TX_PUCT,2015,179614,5.34
UT_TP,UT_UPSC,2015,55620,10.05
VA_TP,VA_VSCC,2015,196432,8.11
VT_TP,VT_VPUC,2015,0,0
WA_TP,WA_WUTC,2015,5288,8.18
WI_TP,WI_PSCW,2015,191,14.66
WV_TP,WV_WVPSC,2015,0,0
WY_TP,WY_WPSC,2015,0,0
AK_RS,AK_RCA,2014,2043614,19.14
AL_RS,AL_APSC,2014,32929598,11.48
AR_RS,AR_APSC,2014,18441119,9.51
AZ_RS,AZ_ACC,2014,32346079,11.9
CA_RS,CA_APUC,2014,89360680,16.25
CO_RS,CO_CPUC,2014,18092932,12.18
CT_RS,CT_PURA,2014,12777579,19.75
DC_RS,DC_DCPSC,2014,2072205,12.74
DE_RS,DE_DPSC,2014,4644841,13.29
FL_RS,FL_FPSC,2014,116535263,11.89
GA_RS,GA_GPSC,2014,57167387,11.65
HI_RS,HI_HPUC,2014,2583770,37.04
IA_RS,IA_IUB,2014,14426582,11.16
ID_RS,ID_IURC,2014,8134913,9.72
IL_RS,IL_ICC,2014,46009458,11.91
IN_RS,IN_IURC,2014,33703965,11.46
KS_RS,KS_KCC,2014,13684952,12.17
KY_RS,KY_KPSC,2014,27399768,10.16
LA_RS,LA_LPSC,2014,31400683,9.57
MA_RS,MA_MDPU,2014,20071160,17.39
MD_RS,MD_MPSC,2014,27487633,13.63
ME_RS,ME_MPUC,2014,4660605,15.27
MI_RS,MI_MPSC,2014,33514991,14.46
MN_RS,MN_MPUC,2014,22791466,12.01
MO_RS,MO_MPSC,2014,35792644,10.64
MS_RS,MS_MPSC,2014,18922097,11.32
MT_RS,MT_MPSC,2014,4969243,10.18
NC_RS,NC_NCUC,2014,58649994,11.1
ND_RS,ND_NDPSC,2014,5357514,9.15
NE_RS,NE_NPSC,2014,10028238,10.4
NH_RS,NH_NHPUC,2014,4510487,17.53
NJ_RS,NJ_NJBPU,2014,27892582,15.78
NM_RS,NM_NMPRC,2014,6611970,12.28
NV_RS,NV_PUCN,2014,11916521,12.93
NY_RS,NY_NYSPSC,2014,49974914,20.07
OH_RS,OH_PHCO,2014,52804334,12.5
OK_RS,OK_OCC,2014,23351144,10.03
OR_RS,OR_OR,2014,18617613,10.47
PA_RS,PA_OPUC,2014,54195335,13.32
RI_RS,RI_RIDPUC,2014,3070347,17.17
SC_RS,SC_SCPSC,2014,30715986,12.45
SD_RS,SD_SDPUC,2014,4827368,10.47
TN_RS,TN_TPUC,2014,42538248,10.32
TX_RS,TX_PUCT,2014,140899744,11.86
UT_RS,UT_UPSC,2014,8963971,10.65
VA_RS,VA_VSCC,2014,46443716,11.1
VT_RS,VT_VPUC,2014,2121347,17.47
WA_RS,WA_WUTC,2014,35082958,8.67
WI_RS,WI_PSCW,2014,21925712,13.67
WV_RS,WV_WVPSC,2014,11990728,9.34
WY_RS,WY_WPSC,2014,2752313,10.5
AK_CM,AK_RCA,2014,2761518,17.09
AL_CM,AL_APSC,2014,22929309,10.79
AR_CM,AR_APSC,2014,11988033,8.05
AZ_CM,AZ_ACC,2014,29289879,10.13
CA_CM,CA_APUC,2014,119494062,15.62
CO_CM,CO_CPUC,2014,20129360,10.08
CT_CM,CT_PURA,2014,12893531,15.55
DC_CM,DC_DCPSC,2014,8548237,12.19
DE_CM,DE_DPSC,2014,4197298,10.5
FL_CM,FL_FPSC,2014,92925670,9.87
GA_CM,GA_GPSC,2014,46608275,10.36
HI_CM,HI_HPUC,2014,3201898,34.21
IA_CM,IA_IUB,2014,12339098,8.67
ID_CM,ID_IURC,2014,6127911,7.78
IL_CM,IL_ICC,2014,50619480,9.26
IN_CM,IN_IURC,2014,24129606,9.96
KS_CM,KS_KCC,2014,15382745,10.13
KY_CM,KY_KPSC,2014,19156540,9.44
LA_CM,LA_LPSC,2014,24492775,9.1
MA_CM,MA_MDPU,2014,26076208,14.68
MD_CM,MD_MPSC,2014,29804342,11.15
ME_CM,ME_MPUC,2014,3984570,12.7
MI_CM,MI_MPSC,2014,37348927,10.87
MN_CM,MN_MPUC,2014,22827840,9.85
MO_CM,MO_MPSC,2014,30665251,8.9
MS_CM,MS_MPSC,2014,14174583,10.76
MT_CM,MT_MPSC,2014,4903160,9.64
NC_CM,NC_NCUC,2014,47509563,8.75
ND_CM,ND_NDPSC,2014,5403497,8.79
NE_CM,NE_NPSC,2014,9525524,8.73
NH_CM,NH_NHPUC,2014,4464530,14.34
NJ_CM,NJ_NJBPU,2014,38154090,13.15
NM_CM,NM_NMPRC,2014,8976354,10.27
NV_CM,NV_PUCN,2014,9418091,9.47
NY_CM,NY_NYSPSC,2014,76540813,16.12
OH_CM,OH_PHCO,2014,47004594,9.83
OK_CM,OK_OCC,2014,20448774,8.09
OR_CM,OR_OR,2014,16039418,8.75
PA_CM,PA_OPUC,2014,43347918,9.73
RI_CM,RI_RIDPUC,2014,3657679,14.56
SC_CM,SC_SCPSC,2014,21655593,10.28
SD_CM,SD_SDPUC,2014,4572324,8.89
TN_CM,TN_TPUC,2014,33497350,10.38
TX_CM,TX_PUCT,2014,139432095,8.16
UT_CM,UT_UPSC,2014,11053251,8.53
VA_CM,VA_VSCC,2014,47751655,8.15
VT_CM,VT_VPUC,2014,2030520,14.56
WA_CM,WA_WUTC,2014,29040310,7.97
WI_CM,WI_PSCW,2014,23757494,10.77
WV_CM,WV_WVPSC,2014,7876429,7.99
WY_CM,WY_WPSC,2014,4000291,8.88
AK_IS,AK_RCA,2014,1359680,15.66
AL_IS,AL_APSC,2014,34634820,6.15
AR_IS,AR_APSC,2014,16650718,6.02
AZ_IS,AZ_ACC,2014,14661727,6.46
CA_IS,CA_APUC,2014,52898430,12.34
CO_IS,CO_CPUC,2014,15110188,7.47
CT_IS,CT_PURA,2014,3514798,12.92
DC_IS,DC_DCPSC,2014,242149,8.41
DE_IS,DE_DPSC,2014,2496338,8.58
FL_IS,FL_FPSC,2014,16522425,7.9
GA_IS,GA_GPSC,2014,31849136,6.64
HI_IS,HI_HPUC,2014,3689784,30.22
IA_IS,IA_IUB,2014,20436173,5.71
ID_IS,ID_IURC,2014,8970460,6.4
IL_IS,IL_ICC,2014,44329683,6.85
IN_IS,IN_IURC,2014,49088427,6.97
KS_IS,KS_KCC,2014,11493909,7.8
KY_IS,KY_KPSC,2014,32282616,5.68
LA_IS,LA_LPSC,2014,34723345,6.05
MA_IS,MA_MDPU,2014,7960941,12.74
MD_IS,MD_MPSC,2014,3847954,9.04
ME_IS,ME_MPUC,2014,3357486,8.95
MI_IS,MI_MPSC,2014,32445935,7.68
MN_IS,MN_MPUC,2014,23076348,6.72
MO_IS,MO_MPSC,2014,17398747,6.36
MS_IS,MS_MPSC,2014,16311951,6.6
MT_IS,MT_MPSC,2014,4229989,5.49
NC_IS,NC_NCUC,2014,26964549,6.5
ND_IS,ND_NDPSC,2014,7478721,7.62
NE_IS,NE_NPSC,2014,10668406,7.47
NH_IS,NH_NHPUC,2014,1969064,11.93
NJ_IS,NJ_NJBPU,2014,7516616,11.38
NM_IS,NM_NMPRC,2014,7526898,6.61
NV_IS,NV_PUCN,2014,13732695,7.12
NY_IS,NY_NYSPSC,2014,18002976,6.58
OH_IS,OH_PHCO,2014,50829251,6.77
OK_IS,OK_OCC,2014,17773456,5.85
OR_IS,OR_OR,2014,12654475,5.97
PA_IS,PA_OPUC,2014,48317693,7.41
RI_IS,RI_RIDPUC,2014,887150,12.86
SC_IS,SC_SCPSC,2014,29248186,6.29
SD_IS,SD_SDPUC,2014,2955034,6.99
TN_IS,TN_TPUC,2014,24182470,6.4
TX_IS,TX_PUCT,2014,109165495,6.16
UT_IS,UT_UPSC,2014,9965115,6.08
VA_IS,VA_VSCC,2014,17700993,6.89
VT_IS,VT_VPUC,2014,1417994,10.23
WA_IS,WA_WUTC,2014,28012775,4.32
WI_IS,WI_PSCW,2014,23811549,7.52
WV_IS,WV_WVPSC,2014,12828949,5.87
WY_IS,WY_WPSC,2014,10381471,6.61
AK_TP,AK_RCA,2014,0,0
AL_TP,AL_APSC,2014,0,0
AR_TP,AR_APSC,2014,431,11.35
AZ_TP,AZ_ACC,2014,0,0
CA_TP,CA_APUC,2014,831614,8.9
CO_TP,CO_CPUC,2014,64041,10.79
CT_TP,CT_PURA,2014,168552,13.08
DC_TP,DC_DCPSC,2014,330998,8.8
DE_TP,DE_DPSC,2014,0,0
FL_TP,FL_FPSC,2014,94753,9.25
GA_TP,GA_GPSC,2014,165134,6.98
HI_TP,HI_HPUC,2014,0,0
IA_TP,IA_IUB,2014,0,0
ID_TP,ID_IURC,2014,0,0
IL_TP,IL_ICC,2014,581666,6.85
IN_TP,IN_IURC,2014,20506,10.2
KS_TP,KS_KCC,2014,0,0
KY_TP,KY_KPSC,2014,0,0
LA_TP,LA_LPSC,2014,11513,9.27
MA_TP,MA_MDPU,2014,360983,8.76
MD_TP,MD_MPSC,2014,543940,8.5
ME_TP,ME_MPUC,2014,0,0
MI_TP,MI_MPSC,2014,4245,9.43
MN_TP,MN_MPUC,2014,23713,9.79
MO_TP,MO_MPSC,2014,21755,7.81
MS_TP,MS_MPSC,2014,0,0
MT_TP,MT_MPSC,2014,0,0
NC_TP,NC_NCUC,2014,8670,7.84
ND_TP,ND_NDPSC,2014,0,0
NE_TP,NE_NPSC,2014,0,0
NH_TP,NH_NHPUC,2014,0,0
NJ_TP,NJ_NJBPU,2014,302790,10.43
NM_TP,NM_NMPRC,2014,0,0
NV_TP,NV_PUCN,2014,8299,9.25
NY_TP,NY_NYSPSC,2014,2853210,13.82
OH_TP,OH_PHCO,2014,41534,8.78
OK_TP,OK_OCC,2014,0,0
OR_TP,OR_OR,2014,23447,9.21
PA_TP,PA_OPUC,2014,826752,7.65
RI_TP,RI_RIDPUC,2014,27928,14.89
SC_TP,SC_SCPSC,2014,0,0
SD_TP,SD_SDPUC,2014,0,0
TN_TP,TN_TPUC,2014,1162,8.57
TX_TP,TX_PUCT,2014,172486,5.17
UT_TP,UT_UPSC,2014,60682,10.34
VA_TP,VA_VSCC,2014,202017,8.24
VT_TP,VT_VPUC,2014,0,0
WA_TP,WA_WUTC,2014,4734,8.48
WI_TP,WI_PSCW,2014,0,0
WV_TP,WV_WVPSC,2014,0,0
WY_TP,WY_WPSC,2014,0,0
AK_RS,AK_RCA,2013,2103966,18.12
AL_RS,AL_APSC,2013,31378659,11.26
AR_RS,AR_APSC,2013,18219287,9.59
AZ_RS,AZ_ACC,2013,33103602,11.71
CA_RS,CA_APUC,2013,89241934,16.23
CO_RS,CO_CPUC,2013,18528908,11.93
CT_RS,CT_PURA,2013,13135451,17.55
DC_RS,DC_DCPSC,2013,2033618,12.57
DE_RS,DE_DPSC,2013,4570013,12.95
FL_RS,FL_FPSC,2013,113293913,11.27
GA_RS,GA_GPSC,2013,53544411,11.46
HI_RS,HI_HPUC,2013,2608853,36.98
IA_RS,IA_IUB,2013,14625866,11.04
ID_RS,ID_IURC,2013,8619262,9.32
IL_RS,IL_ICC,2013,46372234,10.63
IN_RS,IN_IURC,2013,33406630,10.99
KS_RS,KS_KCC,2013,13593003,11.64
KY_RS,KY_KPSC,2013,26788098,9.79
LA_RS,LA_LPSC,2013,30709206,9.43
MA_RS,MA_MDPU,2013,20727624,15.83
MD_RS,MD_MPSC,2013,27448367,13.25
ME_RS,ME_MPUC,2013,4662303,14.35
MI_RS,MI_MPSC,2013,34013168,14.59
MN_RS,MN_MPUC,2013,22849542,11.81
MO_RS,MO_MPSC,2013,35318204,10.6
MS_RS,MS_MPSC,2013,18462415,10.78
MT_RS,MT_MPSC,2013,4926471,10.33
NC_RS,NC_NCUC,2013,56251297,10.97
ND_RS,ND_NDPSC,2013,5038846,9.12
NE_RS,NE_NPSC,2013,10062159,10.31
NH_RS,NH_NHPUC,2013,4553871,16.33
NJ_RS,NJ_NJBPU,2013,28544638,15.73
NM_RS,NM_NMPRC,2013,6803987,11.68
NV_RS,NV_PUCN,2013,12142431,11.89
NY_RS,NY_NYSPSC,2013,50777369,18.79
OH_RS,OH_PHCO,2013,52158094,12.01
OK_RS,OK_OCC,2013,23199968,9.67
OR_RS,OR_OR,2013,19328558,9.9
PA_RS,PA_OPUC,2013,54251847,12.79
RI_RS,RI_RIDPUC,2013,3164692,15.2
SC_RS,SC_SCPSC,2013,28812518,11.99
SD_RS,SD_SDPUC,2013,4824150,10.26
TN_RS,TN_TPUC,2013,40905924,9.98
TX_RS,TX_PUCT,2013,140272607,11.35
UT_RS,UT_UPSC,2013,9401748,10.37
VA_RS,VA_VSCC,2013,45416253,10.84
VT_RS,VT_VPUC,2013,2125435,17.14
WA_RS,WA_WUTC,2013,35983486,8.7
WI_RS,WI_PSCW,2013,22095922,13.55
WV_RS,WV_WVPSC,2013,11581825,9.52
WY_RS,WY_WPSC,2013,2829496,10.16
AK_CM,AK_RCA,2013,2824199,15.58
AL_CM,AL_APSC,2013,22603229,10.51
AR_CM,AR_APSC,2013,11897953,8.05
AZ_CM,AZ_ACC,2013,30039018,9.85
CA_CM,CA_APUC,2013,116857853,14.2
CO_CM,CO_CPUC,2013,20098218,9.86
CT_CM,CT_PURA,2013,13009103,14.63
DC_CM,DC_DCPSC,2013,8499143,11.94
DE_CM,DE_DPSC,2013,4157793,10.2
FL_CM,FL_FPSC,2013,92144612,9.39
GA_CM,GA_GPSC,2013,45353153,9.99
HI_CM,HI_HPUC,2013,3271200,34.05
IA_CM,IA_IUB,2013,12444635,8.44
ID_CM,ID_IURC,2013,6250297,7.37
IL_CM,IL_ICC,2013,50472706,8.14
IN_CM,IN_IURC,2013,24252010,9.6
KS_CM,KS_KCC,2013,15245028,9.68
KY_CM,KY_KPSC,2013,21004194,8.56
LA_CM,LA_LPSC,2013,24253945,8.96
MA_CM,MA_MDPU,2013,17713103,14.23
MD_CM,MD_MPSC,2013,29966199,10.68
ME_CM,ME_MPUC,2013,4015604,11.74
MI_CM,MI_MPSC,2013,37697520,11.06
MN_CM,MN_MPUC,2013,23041186,9.42
MO_CM,MO_MPSC,2013,30515252,8.8
MS_CM,MS_MPSC,2013,14187814,10.1
MT_CM,MT_MPSC,2013,4889642,9.54
NC_CM,NC_NCUC,2013,46648766,8.76
ND_CM,ND_NDPSC,2013,5685146,8.39
NE_CM,NE_NPSC,2013,9387074,8.6
NH_CM,NH_NHPUC,2013,4516866,13.52
NJ_CM,NJ_NJBPU,2013,38231099,12.77
NM_CM,NM_NMPRC,2013,8982563,9.74
NV_CM,NV_PUCN,2013,9301939,9.01
NY_CM,NY_NYSPSC,2013,76342319,15.35
OH_CM,OH_PHCO,2013,46717859,9.35
OK_CM,OK_OCC,2013,19843129,7.77
OR_CM,OR_OR,2013,16080354,8.68
PA_CM,PA_OPUC,2013,43145011,9.25
RI_CM,RI_RIDPUC,2013,3667095,12.92
SC_CM,SC_SCPSC,2013,21120198,9.88
SD_CM,SD_SDPUC,2013,4661845,8.51
TN_CM,TN_TPUC,2013,33574605,10
TX_CM,TX_PUCT,2013,136516037,8.02
UT_CM,UT_UPSC,2013,11007765,8.32
VA_CM,VA_VSCC,2013,47750595,8
VT_CM,VT_VPUC,2013,2016501,14.66
WA_CM,WA_WUTC,2013,29658670,7.78
WI_CM,WI_PSCW,2013,23658373,10.75
WV_CM,WV_WVPSC,2013,7793517,8.17
WY_CM,WY_WPSC,2013,4066842,8.57
AK_IS,AK_RCA,2013,1340047,15.83
AL_IS,AL_APSC,2013,33870219,5.95
AR_IS,AR_APSC,2013,16565377,6.04
AZ_IS,AZ_ACC,2013,12519417,6.66
CA_IS,CA_APUC,2013,54396999,11.44
CO_IS,CO_CPUC,2013,14752859,7.34
CT_IS,CT_PURA,2013,3490140,12.61
DC_IS,DC_DCPSC,2013,227385,5.54
DE_IS,DE_DPSC,2013,2620050,8.43
FL_IS,FL_FPSC,2013,16389522,7.61
GA_IS,GA_GPSC,2013,31443424,6.27
HI_IS,HI_HPUC,2013,3623111,29.87
IA_IS,IA_IUB,2013,19634715,5.62
ID_IS,ID_IURC,2013,9338497,6.09
IL_IS,IL_ICC,2013,44386770,5.94
IN_IS,IN_IURC,2013,47807527,6.7
KS_IS,KS_KCC,2013,11009366,7.39
KY_IS,KY_KPSC,2013,36971550,5.66
LA_IS,LA_LPSC,2013,30833438,5.92
MA_IS,MA_MDPU,2013,16463343,13.18
MD_IS,MD_MPSC,2013,3943942,8.36
ME_IS,ME_MPUC,2013,3177140,8.34
MI_IS,MI_MPSC,2013,31321534,7.72
MN_IS,MN_MPUC,2013,22734273,6.98
MO_IS,MO_MPSC,2013,17551296,6.29
MS_IS,MS_MPSC,2013,16131761,6.34
MT_IS,MT_MPSC,2013,4229061,5.43
NC_IS,NC_NCUC,2013,26872437,6.45
ND_IS,ND_NDPSC,2013,5308975,7.13
NE_IS,NE_NPSC,2013,11251372,7.44
NH_IS,NH_NHPUC,2013,1972539,11.4
NJ_IS,NJ_NJBPU,2013,7565722,10.8
NM_IS,NM_NMPRC,2013,7278476,6.36
NV_IS,NV_PUCN,2013,13758569,6.52
NY_IS,NY_NYSPSC,2013,17910950,6.58
OH_IS,OH_PHCO,2013,51387011,6.22
OK_IS,OK_OCC,2013,16886075,5.49
OR_IS,OR_OR,2013,12209593,5.8
PA_IS,PA_OPUC,2013,48043117,6.97
RI_IS,RI_RIDPUC,2013,922911,11.82
SC_IS,SC_SCPSC,2013,28669378,6.01
SD_IS,SD_SDPUC,2013,2723804,6.97
TN_IS,TN_TPUC,2013,22461702,6.29
TX_IS,TX_PUCT,2013,101967843,5.81
UT_IS,UT_UPSC,2013,10010410,5.87
VA_IS,VA_VSCC,2013,17150375,6.63
VT_IS,VT_VPUC,2013,1445776,10.84
WA_IS,WA_WUTC,2013,27234626,4.23
WI_IS,WI_PSCW,2013,23369748,7.4
WV_IS,WV_WVPSC,2013,12020526,6.2
WY_IS,WY_WPSC,2013,10157176,6.42
AK_TP,AK_RCA,2013,0,0
AL_TP,AL_APSC,2013,0,0
AR_TP,AR_APSC,2013,417,11.58
AZ_TP,AZ_ACC,2013,0,0
CA_TP,CA_APUC,2013,835673,8.54
CO_TP,CO_CPUC,2013,61664,10.55
CT_TP,CT_PURA,2013,189822,10.31
DC_TP,DC_DCPSC,2013,325373,9.52
DE_TP,DE_DPSC,2013,0,0
FL_TP,FL_FPSC,2013,91467,8.69
GA_TP,GA_GPSC,2013,156482,8.03
HI_TP,HI_HPUC,2013,0,0
IA_TP,IA_IUB,2013,0,0
ID_TP,ID_IURC,2013,0,0
IL_TP,IL_ICC,2013,573178,5.34
IN_TP,IN_IURC,2013,21222,9.87
KS_TP,KS_KCC,2013,0,0
KY_TP,KY_KPSC,2013,0,0
LA_TP,LA_LPSC,2013,11343,9.45
MA_TP,MA_MDPU,2013,361004,13.06
MD_TP,MD_MPSC,2013,540970,8.47
ME_TP,ME_MPUC,2013,0,0
MI_TP,MI_MPSC,2013,6083,8.77
MN_TP,MN_MPUC,2013,19102,9.79
MO_TP,MO_MPSC,2013,22205,7.81
MS_TP,MS_MPSC,2013,0,0
MT_TP,MT_MPSC,2013,0,0
NC_TP,NC_NCUC,2013,7405,7.94
ND_TP,ND_NDPSC,2013,0,0
NE_TP,NE_NPSC,2013,0,0
NH_TP,NH_NHPUC,2013,0,0
NJ_TP,NJ_NJBPU,2013,300940,10.6
NM_TP,NM_NMPRC,2013,0,0
NV_TP,NV_PUCN,2013,8276,8.47
NY_TP,NY_NYSPSC,2013,2864489,13.65
OH_TP,OH_PHCO,2013,44054,6.62
OK_TP,OK_OCC,2013,0,0
OR_TP,OR_OR,2013,22473,8.88
PA_TP,PA_OPUC,2013,813788,7.81
RI_TP,RI_RIDPUC,2013,26424,13.03
SC_TP,SC_SCPSC,2013,0,0
SD_TP,SD_SDPUC,2013,0,0
TN_TP,TN_TPUC,2013,1782,11.68
TX_TP,TX_PUCT,2013,60767,10.19
UT_TP,UT_UPSC,2013,54111,10.68
VA_TP,VA_VSCC,2013,194604,8.17
VT_TP,VT_VPUC,2013,0,0
WA_TP,WA_WUTC,2013,5941,8.04
WI_TP,WI_PSCW,2013,0,0
WV_TP,WV_WVPSC,2013,3982,8.68
WY_TP,WY_WPSC,2013,0,0
AK_RS,AK_RCA,2012,2160196,17.88
AL_RS,AL_APSC,2012,30632261,11.4
AR_RS,AR_APSC,2012,17909301,9.3
AZ_RS,AZ_ACC,2012,32922970,11.29
CA_RS,CA_APUC,2012,90109995,15.34
CO_RS,CO_CPUC,2012,18220365,11.46
CT_RS,CT_PURA,2012,12757633,17.34
DC_RS,DC_DCPSC,2012,2002527,12.28
DE_RS,DE_DPSC,2012,4521682,13.58
FL_RS,FL_FPSC,2012,112127056,11.42
GA_RS,GA_GPSC,2012,53660167,11.17
HI_RS,HI_HPUC,2012,2739298,37.34
IA_RS,IA_IUB,2012,13987613,10.82
ID_RS,ID_IURC,2012,8159349,8.67
IL_RS,IL_ICC,2012,46901870,11.38
IN_RS,IN_IURC,2012,32963522,10.53
KS_RS,KS_KCC,2012,13796679,11.24
KY_RS,KY_KPSC,2012,26096707,9.43
LA_RS,LA_LPSC,2012,30026588,8.37
MA_RS,MA_MDPU,2012,20313469,14.91
MD_RS,MD_MPSC,2012,26678158,12.84
ME_RS,ME_MPUC,2012,4480736,14.66
MI_RS,MI_MPSC,2012,34461140,14.13
MN_RS,MN_MPUC,2012,22059631,11.35
MO_RS,MO_MPSC,2012,34336615,10.17
MS_RS,MS_MPSC,2012,17992708,10.26
MT_RS,MT_MPSC,2012,4778365,10.08
NC_RS,NC_NCUC,2012,54671521,10.91
ND_RS,ND_NDPSC,2012,4484758,9.06
NE_RS,NE_NPSC,2012,9680143,10.04
NH_RS,NH_NHPUC,2012,4439208,16.07
NJ_RS,NJ_NJBPU,2012,28662958,15.78
NM_RS,NM_NMPRC,2012,6763820,11.38
NV_RS,NV_PUCN,2012,12122718,11.83
NY_RS,NY_NYSPSC,2012,50691506,17.62
OH_RS,OH_PHCO,2012,52287769,11.76
OK_RS,OK_OCC,2012,22809680,9.51
OR_RS,OR_OR,2012,18854659,9.8
PA_RS,PA_OPUC,2012,52876058,12.75
RI_RS,RI_RIDPUC,2012,3121367,14.4
SC_RS,SC_SCPSC,2012,28366263,11.77
SD_RS,SD_SDPUC,2012,4453732,10.07
TN_RS,TN_TPUC,2012,39753631,10.1
TX_RS,TX_PUCT,2012,137411633,10.98
UT_RS,UT_UPSC,2012,9188204,9.93
VA_RS,VA_VSCC,2012,43534675,11.08
VT_RS,VT_VPUC,2012,2095283,17.01
WA_RS,WA_WUTC,2012,35510961,8.53
WI_RS,WI_PSCW,2012,22026353,13.19
WV_RS,WV_WVPSC,2012,11194679,9.85
WY_RS,WY_WPSC,2012,2716528,9.85
AK_CM,AK_RCA,2012,2875038,14.93
AL_CM,AL_APSC,2012,21799181,10.63
AR_CM,AR_APSC,2012,12102048,7.71
AZ_CM,AZ_ACC,2012,29692256,9.53
CA_CM,CA_APUC,2012,121791536,13.41
CO_CM,CO_CPUC,2012,19997226,9.39
CT_CM,CT_PURA,2012,12976050,14.65
DC_CM,DC_DCPSC,2012,8713337,12.02
DE_CM,DE_DPSC,2012,4243028,10.13
FL_CM,FL_FPSC,2012,92037801,9.66
GA_CM,GA_GPSC,2012,45937150,9.58
HI_CM,HI_HPUC,2012,3238180,34.88
IA_CM,IA_IUB,2012,12209804,8.01
ID_CM,ID_IURC,2012,5978118,6.86
IL_CM,IL_ICC,2012,50807913,7.99
IN_CM,IN_IURC,2012,24022068,9.14
KS_CM,KS_KCC,2012,15455686,9.24
KY_CM,KY_KPSC,2012,18755918,8.73
LA_CM,LA_LPSC,2012,24244733,7.75
MA_CM,MA_MDPU,2012,17722811,13.84
MD_CM,MD_MPSC,2012,30107526,10.43
ME_CM,ME_MPUC,2012,4053188,11.53
MI_CM,MI_MPSC,2012,38514266,10.93
MN_CM,MN_MPUC,2012,22495804,8.84
MO_CM,MO_MPSC,2012,30482745,8.2
MS_CM,MS_MPSC,2012,13584638,9.33
MT_CM,MT_MPSC,2012,4917509,9.13
NC_CM,NC_NCUC,2012,46510125,8.66
ND_CM,ND_NDPSC,2012,5108616,8.02
NE_CM,NE_NPSC,2012,9232889,8.38
NH_CM,NH_NHPUC,2012,4478420,13.36
NJ_CM,NJ_NJBPU,2012,38340478,12.78
NM_CM,NM_NMPRC,2012,9165533,9.32
NV_CM,NV_PUCN,2012,9314611,8.83
NY_CM,NY_NYSPSC,2012,76017962,15.06
OH_CM,OH_PHCO,2012,46755882,9.47
OK_CM,OK_OCC,2012,19961143,7.32
OR_CM,OR_OR,2012,15803814,8.31
PA_CM,PA_OPUC,2012,42919768,9.44
RI_CM,RI_RIDPUC,2012,3639866,11.87
SC_CM,SC_SCPSC,2012,21250734,9.63
SD_CM,SD_SDPUC,2012,4556608,8.1
TN_CM,TN_TPUC,2012,28150141,10.31
TX_CM,TX_PUCT,2012,133104994,8.16
UT_CM,UT_UPSC,2012,10802800,8.06
VA_CM,VA_VSCC,2012,46756658,8.08
VT_CM,VT_VPUC,2012,1993892,14.32
WA_CM,WA_WUTC,2012,29239604,7.68
WI_CM,WI_PSCW,2012,23232827,10.51
WV_CM,WV_WVPSC,2012,7762823,8.42
WY_CM,WY_WPSC,2012,4245450,8.24
AK_IS,AK_RCA,2012,1381177,16.82
AL_IS,AL_APSC,2012,33751106,6.22
AR_IS,AR_APSC,2012,16847755,5.77
AZ_IS,AZ_ACC,2012,12448117,6.53
CA_IS,CA_APUC,2012,46951714,10.49
CO_IS,CO_CPUC,2012,15415235,6.95
CT_IS,CT_PURA,2012,3565944,12.67
DC_IS,DC_DCPSC,2012,218376,5.46
DE_IS,DE_DPSC,2012,2754621,8.36
FL_IS,FL_FPSC,2012,16425581,8.04
GA_IS,GA_GPSC,2012,31224600,5.98
HI_IS,HI_HPUC,2012,3661679,30.82
IA_IS,IA_IUB,2012,19511683,5.3
ID_IS,ID_IURC,2012,9574392,5.48
IL_IS,IL_ICC,2012,45277444,5.8
IN_IS,IN_IURC,2012,48167545,6.34
KS_IS,KS_KCC,2012,11041111,7.09
KY_IS,KY_KPSC,2012,44195865,5.35
LA_IS,LA_LPSC,2012,30448836,4.76
MA_IS,MA_MDPU,2012,16927205,12.57
MD_IS,MD_MPSC,2012,4499827,8.09
ME_IS,ME_MPUC,2012,3027135,7.98
MI_IS,MI_MPSC,2012,31835905,7.62
MN_IS,MN_MPUC,2012,23415791,6.54
MO_IS,MO_MPSC,2012,17594410,5.89
MS_IS,MS_MPSC,2012,16810329,6.24
MT_IS,MT_MPSC,2012,4167509,5.1
NC_IS,NC_NCUC,2012,26896123,6.42
ND_IS,ND_NDPSC,2012,5123582,6.55
NE_IS,NE_NPSC,2012,11914907,7.01
NH_IS,NH_NHPUC,2012,1952633,11.83
NJ_IS,NJ_NJBPU,2012,7762331,10.52
NM_IS,NM_NMPRC,2012,7249215,5.83
NV_IS,NV_PUCN,2012,13734461,6.48
NY_IS,NY_NYSPSC,2012,13705330,6.7
OH_IS,OH_PHCO,2012,53379284,6.24
OK_IS,OK_OCC,2012,16569801,5.09
OR_IS,OR_OR,2012,12005579,5.59
PA_IS,PA_OPUC,2012,48038858,7.23
RI_IS,RI_RIDPUC,2012,923478,10.68
SC_IS,SC_SCPSC,2012,28163956,6.02
SD_IS,SD_SDPUC,2012,2723870,6.57
TN_IS,TN_TPUC,2012,28475956,7.08
TX_IS,TX_PUCT,2012,94517323,5.57
UT_IS,UT_UPSC,2012,9694190,5.62
VA_IS,VA_VSCC,2012,17315739,6.72
VT_IS,VT_VPUC,2012,1421589,9.98
WA_IS,WA_WUTC,2012,27578904,4.13
WI_IS,WI_PSCW,2012,23560910,7.34
WV_IS,WV_WVPSC,2012,11855567,6.33
WY_IS,WY_WPSC,2012,10009376,6.03
AK_TP,AK_RCA,2012,0,0
AL_TP,AL_APSC,2012,0,0
AR_TP,AR_APSC,2012,463,11.23
AZ_TP,AZ_ACC,2012,0,0
CA_TP,CA_APUC,2012,684793,7.17
CO_TP,CO_CPUC,2012,52471,9.69
CT_TP,CT_PURA,2012,192711,9.69
DC_TP,DC_DCPSC,2012,324605,9.01
DE_TP,DE_DPSC,2012,0,0
FL_TP,FL_FPSC,2012,83895,8.45
GA_TP,GA_GPSC,2012,156955,7.65
HI_TP,HI_HPUC,2012,0,0
IA_TP,IA_IUB,2012,0,0
ID_TP,ID_IURC,2012,0,0
IL_TP,IL_ICC,2012,552777,6.15
IN_TP,IN_IURC,2012,20290,9.56
KS_TP,KS_KCC,2012,0,0
KY_TP,KY_KPSC,2012,0,0
LA_TP,LA_LPSC,2012,10586,8.72
MA_TP,MA_MDPU,2012,349839,4.91
MD_TP,MD_MPSC,2012,528041,8.29
ME_TP,ME_MPUC,2012,0,0
MI_TP,MI_MPSC,2012,6880,8.08
MN_TP,MN_MPUC,2012,17309,8.67
MO_TP,MO_MPSC,2012,21589,6.97
MS_TP,MS_MPSC,2012,0,0
MT_TP,MT_MPSC,2012,0,0
NC_TP,NC_NCUC,2012,7124,7.88
ND_TP,ND_NDPSC,2012,0,0
NE_TP,NE_NPSC,2012,0,0
NH_TP,NH_NHPUC,2012,0,0
NJ_TP,NJ_NJBPU,2012,287147,9.77
NM_TP,NM_NMPRC,2012,0,0
NV_TP,NV_PUCN,2012,8128,8.4
NY_TP,NY_NYSPSC,2012,2747870,14.2
OH_TP,OH_PHCO,2012,33929,6.98
OK_TP,OK_OCC,2012,0,0
OR_TP,OR_OR,2012,24804,8.24
PA_TP,PA_OPUC,2012,875043,8.07
RI_TP,RI_RIDPUC,2012,23623,8.28
SC_TP,SC_SCPSC,2012,0,0
SD_TP,SD_SDPUC,2012,0,0
TN_TP,TN_TPUC,2012,1744,11.28
TX_TP,TX_PUCT,2012,70181,10.54
UT_TP,UT_UPSC,2012,38174,9.79
VA_TP,VA_VSCC,2012,187913,8.51
VT_TP,VT_VPUC,2012,0,0
WA_TP,WA_WUTC,2012,6972,8.06
WI_TP,WI_PSCW,2012,0,0
WV_TP,WV_WVPSC,2012,4172,8.66
WY_TP,WY_WPSC,2012,0,0
AK_RS,AK_RCA,2011,2134422,17.62
AL_RS,AL_APSC,2011,33002815,11.09
AR_RS,AR_APSC,2011,18787349,9.02
AZ_RS,AZ_ACC,2011,33079074,11.08
CA_RS,CA_APUC,2011,88398416,14.78
CO_RS,CO_CPUC,2011,18276799,11.27
CT_RS,CT_PURA,2011,12918796,18.11
DC_RS,DC_DCPSC,2011,2061392,13.4
DE_RS,DE_DPSC,2011,4632094,13.7
FL_RS,FL_FPSC,2011,116341105,11.51
GA_RS,GA_GPSC,2011,57749519,11.05
HI_RS,HI_HPUC,2011,2928743,34.68
IA_RS,IA_IUB,2011,14326771,10.46
ID_RS,ID_IURC,2011,8389866,7.87
IL_RS,IL_ICC,2011,47057002,11.78
IN_RS,IN_IURC,2011,33912098,10.06
KS_RS,KS_KCC,2011,14343748,10.65
KY_RS,KY_KPSC,2011,27197836,9.2
LA_RS,LA_LPSC,2011,32019040,8.96
MA_RS,MA_MDPU,2011,20472512,14.67
MD_RS,MD_MPSC,2011,27295675,13.31
ME_RS,ME_MPUC,2011,4381536,15.38
MI_RS,MI_MPSC,2011,34811337,13.27
MN_RS,MN_MPUC,2011,22523727,10.96
MO_RS,MO_MPSC,2011,35941243,9.75
MS_RS,MS_MPSC,2011,19336430,10.17
MT_RS,MT_MPSC,2011,4913110,9.75
NC_RS,NC_NCUC,2011,58055878,10.26
ND_RS,ND_NDPSC,2011,4552228,8.58
NE_RS,NE_NPSC,2011,9946973,9.32
NH_RS,NH_NHPUC,2011,4454088,16.52
NJ_RS,NJ_NJBPU,2011,29398870,16.23
NM_RS,NM_NMPRC,2011,6873748,11
NV_RS,NV_PUCN,2011,11493279,11.61
NY_RS,NY_NYSPSC,2011,51239599,18.26
OH_RS,OH_PHCO,2011,53687111,11.42
OK_RS,OK_OCC,2011,24425027,9.47
OR_RS,OR_OR,2011,19429175,9.54
PA_RS,PA_OPUC,2011,54795633,13.26
RI_RS,RI_RIDPUC,2011,3129446,14.33
SC_RS,SC_SCPSC,2011,30801731,11.05
SD_RS,SD_SDPUC,2011,4646384,9.35
TN_RS,TN_TPUC,2011,43067861,9.98
TX_RS,TX_PUCT,2011,145654228,11.08
UT_RS,UT_UPSC,2011,8946741,8.96
VA_RS,VA_VSCC,2011,45771144,10.64
VT_RS,VT_VPUC,2011,2124533,16.26
WA_RS,WA_WUTC,2011,36376143,8.28
WI_RS,WI_PSCW,2011,22149941,13.02
WV_RS,WV_WVPSC,2011,11746151,9.39
WY_RS,WY_WPSC,2011,2802726,9.11
AK_CM,AK_RCA,2011,2854410,15.1
AL_CM,AL_APSC,2011,22257127,10.47
AR_CM,AR_APSC,2011,12146130,7.5
AZ_CM,AZ_ACC,2011,29512330,9.5
CA_CM,CA_APUC,2011,122780917,13.05
CO_CM,CO_CPUC,2011,19889231,9.44
CT_CM,CT_PURA,2011,13087010,15.57
DC_CM,DC_DCPSC,2011,8965834,12.9
DE_CM,DE_DPSC,2011,4259842,10.64
FL_CM,FL_FPSC,2011,91778108,9.85
GA_CM,GA_GPSC,2011,46930109,9.87
HI_CM,HI_HPUC,2011,3368131,32.37
IA_CM,IA_IUB,2011,12087902,7.85
ID_CM,ID_IURC,2011,5969462,6.41
IL_CM,IL_ICC,2011,50468038,8.64
IN_CM,IN_IURC,2011,24111250,8.77
KS_CM,KS_KCC,2011,15609278,8.78
KY_CM,KY_KPSC,2011,18721081,8.49
LA_CM,LA_LPSC,2011,24280780,8.44
MA_CM,MA_MDPU,2011,17766602,14.33
MD_CM,MD_MPSC,2011,30749605,11.28
ME_CM,ME_MPUC,2011,4018070,12.29
MI_CM,MI_MPSC,2011,38612718,10.33
MN_CM,MN_MPUC,2011,22371109,8.63
MO_CM,MO_MPSC,2011,30962081,8.04
MS_CM,MS_MPSC,2011,13737924,9.48
MT_CM,MT_MPSC,2011,4892271,9.12
NC_CM,NC_NCUC,2011,46467228,8.13
ND_CM,ND_NDPSC,2011,4866230,7.61
NE_CM,NE_NPSC,2011,9139410,7.99
NH_CM,NH_NHPUC,2011,4478106,14.04
NJ_CM,NJ_NJBPU,2011,39117745,13.47
NM_CM,NM_NMPRC,2011,9257633,9.07
NV_CM,NV_PUCN,2011,8995162,9.05
NY_CM,NY_NYSPSC,2011,76405800,15.81
OH_CM,OH_PHCO,2011,47111763,9.63
OK_CM,OK_OCC,2011,19612922,7.6
OR_CM,OR_OR,2011,15754249,8.15
PA_CM,PA_OPUC,2011,43535836,10.03
RI_CM,RI_RIDPUC,2011,3660143,12.37
SC_CM,SC_SCPSC,2011,21592794,9.3
SD_CM,SD_SDPUC,2011,4446864,7.76
TN_CM,TN_TPUC,2011,29025334,10.27
TX_CM,TX_PUCT,2011,128213690,8.83
UT_CM,UT_UPSC,2011,10544326,7.35
VA_CM,VA_VSCC,2011,47051425,7.95
VT_CM,VT_VPUC,2011,2008547,14
WA_CM,WA_WUTC,2011,29408904,7.49
WI_CM,WI_PSCW,2011,23054970,10.42
WV_CM,WV_WVPSC,2011,7767926,8.14
WY_CM,WY_WPSC,2011,4353082,7.72
AK_IS,AK_RCA,2011,1330708,15.71
AL_IS,AL_APSC,2011,33735427,6.25
AR_IS,AR_APSC,2011,16993922,5.63
AZ_IS,AZ_ACC,2011,12352241,6.55
CA_IS,CA_APUC,2011,49935776,10.11
CO_IS,CO_CPUC,2011,15241814,7.06
CT_IS,CT_PURA,2011,3668217,13.24
DC_IS,DC_DCPSC,2011,216244,6.89
DE_IS,DE_DPSC,2011,2591360,8.91
FL_IS,FL_FPSC,2011,16885585,8.55
GA_IS,GA_GPSC,2011,31521020,6.6
HI_IS,HI_HPUC,2011,3664779,28.4
IA_IS,IA_IUB,2011,19240204,5.21
ID_IS,ID_IURC,2011,8912396,5.1
IL_IS,IL_ICC,2011,44844111,6.42
IN_IS,IN_IURC,2011,47774083,6.17
KS_IS,KS_KCC,2011,10807373,6.71
KY_IS,KY_KPSC,2011,43619424,5.33
LA_IS,LA_LPSC,2011,30058415,5.69
MA_IS,MA_MDPU,2011,16973507,13.38
MD_IS,MD_MPSC,2011,5007386,8.76
ME_IS,ME_MPUC,2011,3015739,8.88
MI_IS,MI_MPSC,2011,31624220,7.32
MN_IS,MN_MPUC,2011,23618724,6.47
MO_IS,MO_MPSC,2011,17329648,5.85
MS_IS,MS_MPSC,2011,16263203,6.53
MT_IS,MT_MPSC,2011,3982700,5.27
NC_IS,NC_NCUC,2011,26554615,6.01
ND_IS,ND_NDPSC,2011,4318558,6.24
NE_IS,NE_NPSC,2011,10589701,6.43
NH_IS,NH_NHPUC,2011,1936413,12.27
NJ_IS,NJ_NJBPU,2011,8033254,11.43
NM_IS,NM_NMPRC,2011,6910284,6.06
NV_IS,NV_PUCN,2011,13419961,6.65
NY_IS,NY_NYSPSC,2011,13420153,7.83
OH_IS,OH_PHCO,2011,53913437,6.12
OK_IS,OK_OCC,2011,15808845,5.46
OR_IS,OR_OR,2011,11963131,5.47
PA_IS,PA_OPUC,2011,49585444,7.73
RI_IS,RI_RIDPUC,2011,915857,11.27
SC_IS,SC_SCPSC,2011,28094021,5.94
SD_IS,SD_SDPUC,2011,2586352,6.2
TN_IS,TN_TPUC,2011,28638453,7.23
TX_IS,TX_PUCT,2011,102128869,6.24
UT_IS,UT_UPSC,2011,9332992,5.1
VA_IS,VA_VSCC,2011,17218005,6.49
VT_IS,VT_VPUC,2011,1417104,9.83
WA_IS,WA_WUTC,2011,27932787,4.09
WI_IS,WI_PSCW,2011,23406711,7.33
WV_IS,WV_WVPSC,2011,11720437,6.18
WY_IS,WY_WPSC,2011,10261954,5.41
AK_TP,AK_RCA,2011,0,0
AL_TP,AL_APSC,2011,0,0
AR_TP,AR_APSC,2011,428,11.1
AZ_TP,AZ_ACC,2011,0,0
CA_TP,CA_APUC,2011,826591,8.14
CO_TP,CO_CPUC,2011,50441,9.79
CT_TP,CT_PURA,2011,184970,10.25
DC_TP,DC_DCPSC,2011,318585,10.19
DE_TP,DE_DPSC,2011,0,0
FL_TP,FL_FPSC,2011,85624,8.81
GA_TP,GA_GPSC,2011,170501,7.94
HI_TP,HI_HPUC,2011,0,0
IA_TP,IA_IUB,2011,0,0
ID_TP,ID_IURC,2011,0,0
IL_TP,IL_ICC,2011,516416,6.81
IN_TP,IN_IURC,2011,20708,9.74
KS_TP,KS_KCC,2011,0,0
KY_TP,KY_KPSC,2011,0,0
LA_TP,LA_LPSC,2011,10846,8.33
MA_TP,MA_MDPU,2011,357291,6.14
MD_TP,MD_MPSC,2011,547045,9.03
ME_TP,ME_MPUC,2011,0,0
MI_TP,MI_MPSC,2011,5283,8.53
MN_TP,MN_MPUC,2011,19148,8.23
MO_TP,MO_MPSC,2011,21869,6.9
MS_TP,MS_MPSC,2011,0,0
MT_TP,MT_MPSC,2011,0,0
NC_TP,NC_NCUC,2011,7212,7.04
ND_TP,ND_NDPSC,2011,0,0
NE_TP,NE_NPSC,2011,0,0
NH_TP,NH_NHPUC,2011,0,0
NJ_TP,NJ_NJBPU,2011,309893,10.69
NM_TP,NM_NMPRC,2011,0,0
NV_TP,NV_PUCN,2011,8077,8.58
NY_TP,NY_NYSPSC,2011,2981057,13.45
OH_TP,OH_PHCO,2011,33999,6.64
OK_TP,OK_OCC,2011,0,0
OR_TP,OR_OR,2011,24891,7.89
PA_TP,PA_OPUC,2011,840325,8.93
RI_TP,RI_RIDPUC,2011,26974,14.11
SC_TP,SC_SCPSC,2011,0,0
SD_TP,SD_SDPUC,2011,0,0
TN_TP,TN_TPUC,2011,1681,12.07
TX_TP,TX_PUCT,2011,68329,10.08
UT_TP,UT_UPSC,2011,34887,9.24
VA_TP,VA_VSCC,2011,187691,8.24
VT_TP,VT_VPUC,2011,0,0
WA_TP,WA_WUTC,2011,7083,8.54
WI_TP,WI_PSCW,2011,0,0
WV_TP,WV_WVPSC,2011,4239,8.6
WY_TP,WY_WPSC,2011,0,0
